{
    "state": {
        "red_army": [
            [
                -0.125,
                0.015625,
                1.0
            ],
            [
                -0.125,
                0.03125,
                0.06666666666666667
            ],
            [
                -0.125,
                0.03125,
                0.2
            ]
        ],
        "blue_army": []
    },
    "cluster_id": 1,
    "children": {
        "0.5333333333333334": {
            "state": {
                "red_army": [
                    [
                        -0.125,
                        0.015625,
                        0.6
                    ],
                    [
                        -0.140625,
                        0.046875,
                        0.06666666666666667
                    ],
                    [
                        -0.140625,
                        0.03125,
                        0.06666666666666667
                    ]
                ],
                "blue_army": []
            },
            "cluster_id": 2,
            "children": {}
        },
        "0.9333333333333332": {
            "state": {
                "red_army": [
                    [
                        -0.125,
                        0.015625,
                        0.6
                    ],
                    [
                        -0.125,
                        0.046875,
                        0.06666666666666667
                    ],
                    [
                        -0.125,
                        0.03125,
                        0.7333333333333333
                    ]
                ],
                "blue_army": []
            },
            "cluster_id": 3,
            "children": {}
        },
        "0.8": {
            "state": {
                "red_army": [
                    [
                        -0.125,
                        0.015625,
                        0.4666666666666667
                    ],
                    [
                        -0.125,
                        0.03125,
                        0.06666666666666667
                    ],
                    [
                        -0.125,
                        0.015625,
                        0.4666666666666667
                    ]
                ],
                "blue_army": []
            },
            "cluster_id": 4,
            "children": {}
        },
        "1.2": {
            "state": {
                "red_army": [
                    [
                        -0.109375,
                        0.03125,
                        0.3333333333333333
                    ],
                    [
                        -0.125,
                        0.015625,
                        0.06666666666666667
                    ],
                    [
                        -0.125,
                        0.03125,
                        0.2
                    ]
                ],
                "blue_army": []
            },
            "cluster_id": 5,
            "children": {}
        }
    }
}