{
    "state": {
        "red_army": [
            [
                -0.078125,
                0.03125,
                0.06666666666666667
            ]
        ],
        "blue_army": []
    },
    "cluster_id": 1,
    "children": {
        "0.8": {
            "state": {
                "red_army": [
                    [
                        -0.09375,
                        0.015625,
                        0.8666666666666667
                    ]
                ],
                "blue_army": []
            },
            "cluster_id": 2,
            "children": {}
        }
    }
}