{
    "state": {
        "red_army": [
            [
                -0.140625,
                0.015625,
                0.2
            ],
            [
                -0.140625,
                0.03125,
                0.06666666666666667
            ]
        ],
        "blue_army": []
    },
    "cluster_id": 1,
    "children": {
        "0.6666666666666667": {
            "state": {
                "red_army": [
                    [
                        -0.125,
                        0.03125,
                        0.06666666666666667
                    ],
                    [
                        -0.125,
                        0.046875,
                        0.6
                    ]
                ],
                "blue_army": []
            },
            "cluster_id": 2,
            "children": {}
        },
        "0.5333333333333333": {
            "state": {
                "red_army": [
                    [
                        -0.125,
                        0.03125,
                        0.4666666666666667
                    ],
                    [
                        -0.125,
                        0.046875,
                        0.3333333333333333
                    ]
                ],
                "blue_army": []
            },
            "cluster_id": 3,
            "children": {}
        },
        "1.2": {
            "state": {
                "red_army": [
                    [
                        -0.125,
                        0.015625,
                        0.6
                    ],
                    [
                        -0.140625,
                        0.046875,
                        0.8666666666666667
                    ]
                ],
                "blue_army": []
            },
            "cluster_id": 4,
            "children": {}
        },
        "0.9333333333333333": {
            "state": {
                "red_army": [
                    [
                        -0.109375,
                        0.015625,
                        1.0
                    ],
                    [
                        -0.109375,
                        0.046875,
                        0.2
                    ]
                ],
                "blue_army": []
            },
            "cluster_id": 5,
            "children": {
                "1.6": {
                    "state": {
                        "red_army": [
                            [
                                -0.125,
                                0.046875,
                                1.0
                            ],
                            [
                                -0.125,
                                0.03125,
                                0.2
                            ]
                        ],
                        "blue_army": []
                    },
                    "cluster_id": 7,
                    "children": {
                        "1.6": {
                            "state": {
                                "red_army": [
                                    [
                                        -0.125,
                                        0.0625,
                                        0.06666666666666667
                                    ],
                                    [
                                        -0.125,
                                        0.078125,
                                        0.8666666666666667
                                    ]
                                ],
                                "blue_army": []
                            },
                            "cluster_id": 8,
                            "children": {}
                        }
                    }
                }
            }
        },
        "1.2000000000000002": {
            "state": {
                "red_army": [
                    [
                        -0.078125,
                        0.03125,
                        0.8666666666666667
                    ],
                    [
                        -0.09375,
                        0.046875,
                        0.6
                    ]
                ],
                "blue_army": []
            },
            "cluster_id": 6,
            "children": {}
        },
        "1.0666666666666667": {
            "state": {
                "red_army": [
                    [
                        -0.109375,
                        0.0625,
                        1.0
                    ],
                    [
                        -0.109375,
                        0.078125,
                        0.3333333333333333
                    ]
                ],
                "blue_army": []
            },
            "cluster_id": 9,
            "children": {}
        },
        "0.8": {
            "state": {
                "red_army": [
                    [
                        -0.109375,
                        0.03125,
                        0.06666666666666667
                    ],
                    [
                        -0.125,
                        0.03125,
                        0.7333333333333333
                    ]
                ],
                "blue_army": []
            },
            "cluster_id": 10,
            "children": {}
        }
    }
}