{
    "state": {
        "red_army": [
            [
                -0.21875,
                -0.296875,
                0.7333333333333333
            ]
        ],
        "blue_army": [
            [
                -0.140625,
                0.015625,
                0.06666666666666667
            ],
            [
                -0.1875,
                -0.1875,
                0.06666666666666667
            ],
            [
                -0.1875,
                -0.21875,
                1.0
            ]
        ]
    },
    "cluster_id": 1,
    "children": {
        "1.6": {
            "state": {
                "red_army": [
                    [
                        -0.359375,
                        -0.203125,
                        0.4666666666666667
                    ]
                ],
                "blue_army": [
                    [
                        -0.140625,
                        0.015625,
                        0.3333333333333333
                    ],
                    [
                        -0.296875,
                        -0.140625,
                        0.3333333333333333
                    ],
                    [
                        -0.28125,
                        -0.125,
                        0.4666666666666667
                    ]
                ]
            },
            "cluster_id": 2,
            "children": {}
        },
        "1.0666666666666669": {
            "state": {
                "red_army": [
                    [
                        -0.28125,
                        -0.203125,
                        0.6
                    ]
                ],
                "blue_army": [
                    [
                        -0.203125,
                        -0.140625,
                        0.6
                    ],
                    [
                        -0.21875,
                        -0.125,
                        0.2
                    ],
                    [
                        -0.21875,
                        -0.140625,
                        0.7333333333333333
                    ]
                ]
            },
            "cluster_id": 3,
            "children": {
                "1.0666666666666664": {
                    "state": {
                        "red_army": [
                            [
                                -0.296875,
                                -0.21875,
                                0.6
                            ]
                        ],
                        "blue_army": [
                            [
                                -0.21875,
                                -0.15625,
                                0.6
                            ],
                            [
                                -0.21875,
                                -0.140625,
                                0.2
                            ],
                            [
                                -0.234375,
                                -0.15625,
                                0.7333333333333333
                            ]
                        ]
                    },
                    "cluster_id": 4,
                    "children": {}
                }
            }
        },
        "2.1333333333333333": {
            "state": {
                "red_army": [
                    [
                        -0.296875,
                        -0.203125,
                        0.2
                    ]
                ],
                "blue_army": [
                    [
                        -0.21875,
                        -0.125,
                        0.7333333333333333
                    ],
                    [
                        -0.234375,
                        -0.109375,
                        0.06666666666666667
                    ],
                    [
                        -0.234375,
                        -0.125,
                        0.06666666666666667
                    ]
                ]
            },
            "cluster_id": 5,
            "children": {}
        },
        "1.3333333333333335": {
            "state": {
                "red_army": [
                    [
                        -0.359375,
                        -0.1875,
                        0.8666666666666667
                    ]
                ],
                "blue_army": [
                    [
                        -0.140625,
                        0.015625,
                        0.7333333333333333
                    ],
                    [
                        -0.296875,
                        -0.109375,
                        0.06666666666666667
                    ],
                    [
                        -0.296875,
                        -0.125,
                        0.4666666666666667
                    ]
                ]
            },
            "cluster_id": 6,
            "children": {}
        },
        "0.7999999999999999": {
            "state": {
                "red_army": [
                    [
                        -0.328125,
                        -0.1875,
                        0.4666666666666667
                    ]
                ],
                "blue_army": [
                    [
                        -0.25,
                        -0.109375,
                        0.8666666666666667
                    ],
                    [
                        -0.265625,
                        -0.09375,
                        0.06666666666666667
                    ],
                    [
                        -0.25,
                        -0.109375,
                        0.4666666666666667
                    ]
                ]
            },
            "cluster_id": 7,
            "children": {}
        }
    }
}