{
    "state": {
        "red_army": [],
        "blue_army": [
            [
                -0.0625,
                0.046875,
                1.0
            ],
            [
                -0.09375,
                0.046875,
                0.06666666666666667
            ],
            [
                -0.125,
                0.078125,
                0.3333333333333333
            ],
            [
                -0.09375,
                0.09375,
                0.6
            ]
        ]
    },
    "cluster_id": 1,
    "children": {
        "1.5999999999999999": {
            "state": {
                "red_army": [],
                "blue_army": [
                    [
                        -0.078125,
                        0.03125,
                        0.2
                    ],
                    [
                        -0.09375,
                        0.046875,
                        0.2
                    ],
                    [
                        -0.125,
                        0.09375,
                        0.6
                    ],
                    [
                        -0.109375,
                        0.078125,
                        0.2
                    ]
                ]
            },
            "cluster_id": 2,
            "children": {}
        },
        "0.9333333333333333": {
            "state": {
                "red_army": [],
                "blue_army": [
                    [
                        -0.109375,
                        0.03125,
                        0.8666666666666667
                    ],
                    [
                        -0.109375,
                        0.046875,
                        0.4666666666666667
                    ],
                    [
                        -0.125,
                        0.09375,
                        0.06666666666666667
                    ],
                    [
                        -0.109375,
                        0.078125,
                        0.4666666666666667
                    ]
                ]
            },
            "cluster_id": 3,
            "children": {}
        }
    }
}