{
    "state": {
        "red_army": [],
        "blue_army": [
            [
                -0.03125,
                0.046875,
                0.3333333333333333
            ],
            [
                -0.09375,
                0.09375,
                0.3333333333333333
            ]
        ]
    },
    "cluster_id": 1,
    "children": {
        "0.9333333333333333": {
            "state": {
                "red_army": [],
                "blue_army": [
                    [
                        -0.03125,
                        0.046875,
                        1.0
                    ],
                    [
                        -0.09375,
                        0.09375,
                        0.6
                    ]
                ]
            },
            "cluster_id": 2,
            "children": {}
        },
        "0.5333333333333332": {
            "state": {
                "red_army": [],
                "blue_army": [
                    [
                        -0.03125,
                        0.046875,
                        0.7333333333333333
                    ],
                    [
                        -0.125,
                        0.09375,
                        0.2
                    ]
                ]
            },
            "cluster_id": 3,
            "children": {}
        },
        "0.6666666666666667": {
            "state": {
                "red_army": [],
                "blue_army": [
                    [
                        -0.09375,
                        0.03125,
                        0.3333333333333333
                    ],
                    [
                        -0.109375,
                        0.078125,
                        1.0
                    ]
                ]
            },
            "cluster_id": 4,
            "children": {}
        },
        "0.5333333333333333": {
            "state": {
                "red_army": [],
                "blue_army": [
                    [
                        -0.046875,
                        0.03125,
                        0.06666666666666667
                    ],
                    [
                        -0.09375,
                        0.09375,
                        0.6
                    ]
                ]
            },
            "cluster_id": 5,
            "children": {
                "0.5333333333333333": {
                    "state": {
                        "red_army": [],
                        "blue_army": [
                            [
                                -0.078125,
                                0.03125,
                                0.06666666666666667
                            ],
                            [
                                -0.09375,
                                0.09375,
                                0.06666666666666667
                            ]
                        ]
                    },
                    "cluster_id": 6,
                    "children": {}
                }
            }
        }
    }
}