{
    "state": {
        "red_army": [],
        "blue_army": [
            [
                -0.015625,
                0.046875,
                0.4666666666666667
            ],
            [
                -0.125,
                0.078125,
                0.3333333333333333
            ],
            [
                -0.09375,
                0.09375,
                0.6
            ]
        ]
    },
    "cluster_id": 1,
    "children": {}
}