{
    "state": {
        "red_army": [
            [
                -0.109375,
                0.046875,
                1.0
            ],
            [
                -0.109375,
                0.046875,
                0.7333333333333333
            ]
        ],
        "blue_army": [
            [
                0.0,
                0.046875,
                0.7333333333333333
            ],
            [
                -0.125,
                0.09375,
                0.6
            ],
            [
                -0.09375,
                0.09375,
                0.6
            ]
        ]
    },
    "cluster_id": 1,
    "children": {}
}