{
    "state": {
        "red_army": [
            [
                -0.09375,
                0.0,
                1.0
            ]
        ],
        "blue_army": [
            [
                -0.015625,
                0.046875,
                0.4666666666666667
            ],
            [
                -0.125,
                0.09375,
                0.6
            ],
            [
                -0.09375,
                0.09375,
                0.6
            ]
        ]
    },
    "cluster_id": 1,
    "children": {
        "0.5333333333333333": {
            "state": {
                "red_army": [
                    [
                        -0.09375,
                        0.0,
                        0.6
                    ]
                ],
                "blue_army": [
                    [
                        -0.015625,
                        0.046875,
                        0.4666666666666667
                    ],
                    [
                        -0.125,
                        0.078125,
                        0.4666666666666667
                    ],
                    [
                        -0.09375,
                        0.09375,
                        0.6
                    ]
                ]
            },
            "cluster_id": 2,
            "children": {}
        },
        "1.0666666666666667": {
            "state": {
                "red_army": [
                    [
                        -0.09375,
                        0.0,
                        0.2
                    ]
                ],
                "blue_army": [
                    [
                        -0.015625,
                        0.046875,
                        0.4666666666666667
                    ],
                    [
                        -0.125,
                        0.078125,
                        0.3333333333333333
                    ],
                    [
                        -0.09375,
                        0.09375,
                        0.6
                    ]
                ]
            },
            "cluster_id": 3,
            "children": {}
        }
    }
}