{
    "state": {
        "red_army": [
            [
                -0.046875,
                -0.046875,
                0.06666666666666667
            ],
            [
                -0.15625,
                -0.046875,
                1.0
            ],
            [
                -0.125,
                -0.046875,
                0.3333333333333333
            ]
        ],
        "blue_army": [
            [
                0.0,
                -0.046875,
                0.7333333333333333
            ]
        ]
    },
    "cluster_id": 1,
    "children": {}
}