{
    "state": {
        "red_army": [
            [
                -0.125,
                0.015625,
                1.0
            ],
            [
                -0.125,
                0.03125,
                0.06666666666666667
            ]
        ],
        "blue_army": [
            [
                -0.03125,
                0.046875,
                0.8666666666666667
            ],
            [
                -0.125,
                0.09375,
                0.8666666666666667
            ]
        ]
    },
    "cluster_id": 1,
    "children": {
        "0.5333333333333333": {
            "state": {
                "red_army": [
                    [
                        -0.046875,
                        -0.046875,
                        0.06666666666666667
                    ],
                    [
                        -0.09375,
                        -0.015625,
                        0.8666666666666667
                    ]
                ],
                "blue_army": [
                    [
                        0.0,
                        -0.046875,
                        0.8666666666666667
                    ],
                    [
                        -0.125,
                        -0.09375,
                        0.4666666666666667
                    ]
                ]
            },
            "cluster_id": 2,
            "children": {}
        },
        "0.5333333333333334": {
            "state": {
                "red_army": [
                    [
                        -0.125,
                        -0.015625,
                        1.0
                    ],
                    [
                        -0.125,
                        -0.015625,
                        0.4666666666666667
                    ]
                ],
                "blue_army": [
                    [
                        -0.015625,
                        -0.03125,
                        0.7333333333333333
                    ],
                    [
                        -0.09375,
                        -0.09375,
                        0.8666666666666667
                    ]
                ]
            },
            "cluster_id": 3,
            "children": {}
        },
        "0.8000000000000003": {
            "state": {
                "red_army": [
                    [
                        -0.125,
                        -0.015625,
                        1.0
                    ],
                    [
                        -0.125,
                        -0.015625,
                        0.2
                    ]
                ],
                "blue_army": [
                    [
                        -0.015625,
                        -0.03125,
                        0.7333333333333333
                    ],
                    [
                        -0.09375,
                        -0.09375,
                        0.3333333333333333
                    ]
                ]
            },
            "cluster_id": 4,
            "children": {}
        },
        "2.666666666666667": {
            "state": {
                "red_army": [
                    [
                        -0.140625,
                        0.0,
                        1.0
                    ],
                    [
                        -0.125,
                        -0.015625,
                        0.06666666666666667
                    ]
                ],
                "blue_army": [
                    [
                        -0.015625,
                        -0.03125,
                        0.7333333333333333
                    ],
                    [
                        -0.09375,
                        -0.09375,
                        0.2
                    ]
                ]
            },
            "cluster_id": 5,
            "children": {}
        },
        "2.0": {
            "state": {
                "red_army": [
                    [
                        -0.125,
                        -0.015625,
                        0.3333333333333333
                    ],
                    [
                        -0.109375,
                        -0.015625,
                        1.0
                    ]
                ],
                "blue_army": [
                    [
                        0.0,
                        -0.046875,
                        0.8666666666666667
                    ],
                    [
                        -0.09375,
                        -0.09375,
                        0.4666666666666667
                    ]
                ]
            },
            "cluster_id": 6,
            "children": {}
        },
        "2.0000000000000004": {
            "state": {
                "red_army": [
                    [
                        -0.09375,
                        -0.015625,
                        0.3333333333333333
                    ],
                    [
                        -0.09375,
                        -0.015625,
                        0.7333333333333333
                    ]
                ],
                "blue_army": [
                    [
                        -0.015625,
                        -0.03125,
                        0.7333333333333333
                    ],
                    [
                        -0.09375,
                        -0.09375,
                        0.3333333333333333
                    ]
                ]
            },
            "cluster_id": 7,
            "children": {}
        }
    }
}