{
    "state": {
        "red_army": [
            [
                -0.140625,
                0.015625,
                1.0
            ]
        ],
        "blue_army": [
            [
                -0.03125,
                0.046875,
                0.8666666666666667
            ],
            [
                -0.125,
                0.09375,
                0.8666666666666667
            ]
        ]
    },
    "cluster_id": 1,
    "children": {
        "0.5333333333333334": {
            "state": {
                "red_army": [
                    [
                        -0.125,
                        0.015625,
                        0.6
                    ]
                ],
                "blue_army": [
                    [
                        -0.03125,
                        0.046875,
                        0.7333333333333333
                    ],
                    [
                        -0.125,
                        0.09375,
                        0.8666666666666667
                    ]
                ]
            },
            "cluster_id": 2,
            "children": {}
        },
        "1.3333333333333335": {
            "state": {
                "red_army": [
                    [
                        -0.125,
                        0.015625,
                        0.06666666666666667
                    ]
                ],
                "blue_army": [
                    [
                        -0.03125,
                        0.046875,
                        0.6
                    ],
                    [
                        -0.125,
                        0.09375,
                        0.7333333333333333
                    ]
                ]
            },
            "cluster_id": 3,
            "children": {
                "0.7999999999999999": {
                    "state": {
                        "red_army": [
                            [
                                -0.125,
                                0.03125,
                                0.4666666666666667
                            ]
                        ],
                        "blue_army": [
                            [
                                0.0,
                                -0.046875,
                                0.4666666666666667
                            ],
                            [
                                -0.109375,
                                -0.0625,
                                0.4666666666666667
                            ]
                        ]
                    },
                    "cluster_id": 6,
                    "children": {}
                }
            }
        },
        "0.6666666666666667": {
            "state": {
                "red_army": [
                    [
                        -0.078125,
                        -0.03125,
                        0.7333333333333333
                    ]
                ],
                "blue_army": [
                    [
                        0.0,
                        -0.046875,
                        0.8666666666666667
                    ],
                    [
                        -0.125,
                        -0.09375,
                        0.4666666666666667
                    ]
                ]
            },
            "cluster_id": 4,
            "children": {}
        },
        "1.2000000000000002": {
            "state": {
                "red_army": [
                    [
                        -0.078125,
                        -0.03125,
                        0.4666666666666667
                    ]
                ],
                "blue_army": [
                    [
                        0.0,
                        -0.046875,
                        0.8666666666666667
                    ],
                    [
                        -0.125,
                        -0.09375,
                        0.2
                    ]
                ]
            },
            "cluster_id": 5,
            "children": {}
        },
        "1.866666666666667": {
            "state": {
                "red_army": [
                    [
                        -0.125,
                        0.03125,
                        0.2
                    ]
                ],
                "blue_army": [
                    [
                        0.0,
                        -0.046875,
                        0.4666666666666667
                    ],
                    [
                        -0.109375,
                        -0.0625,
                        0.2
                    ]
                ]
            },
            "cluster_id": 7,
            "children": {}
        }
    }
}