{
    "state": {
        "red_army": [],
        "blue_army": [
            [
                0.0,
                -0.046875,
                0.6
            ],
            [
                -0.09375,
                -0.09375,
                0.3333333333333333
            ],
            [
                -0.125,
                -0.09375,
                0.2
            ]
        ]
    },
    "cluster_id": 1,
    "children": {
        "0.6666666666666666": {
            "state": {
                "red_army": [],
                "blue_army": [
                    [
                        -0.015625,
                        -0.03125,
                        0.6
                    ],
                    [
                        -0.09375,
                        -0.09375,
                        0.06666666666666667
                    ],
                    [
                        -0.125,
                        -0.09375,
                        0.6
                    ]
                ]
            },
            "cluster_id": 2,
            "children": {}
        }
    }
}