{
    "state": {
        "red_army": [],
        "blue_army": [
            [
                -0.015625,
                -0.046875,
                0.7333333333333333
            ]
        ]
    },
    "cluster_id": 1,
    "children": {}
}