{
    "state": {
        "red_army": [
            [
                -0.09375,
                -0.015625,
                0.3333333333333333
            ]
        ],
        "blue_army": []
    },
    "cluster_id": 1,
    "children": {}
}