{
    "state": {
        "red_army": [
            [
                -0.09375,
                0.0,
                0.3333333333333333
            ],
            [
                -0.09375,
                -0.015625,
                0.06666666666666667
            ]
        ],
        "blue_army": []
    },
    "cluster_id": 1,
    "children": {
        "0.6666666666666666": {
            "state": {
                "red_army": [
                    [
                        -0.09375,
                        -0.03125,
                        0.3333333333333333
                    ],
                    [
                        -0.09375,
                        -0.015625,
                        0.7333333333333333
                    ]
                ],
                "blue_army": []
            },
            "cluster_id": 2,
            "children": {}
        }
    }
}