{
    "state": {
        "red_army": [
            [
                -0.125,
                0.015625,
                1.0
            ],
            [
                -0.03125,
                0.046875,
                1.0
            ],
            [
                -0.15625,
                0.046875,
                1.0
            ],
            [
                -0.125,
                0.046875,
                1.0
            ]
        ],
        "blue_army": [
            [
                0.0,
                0.046875,
                1.0
            ],
            [
                -0.09375,
                0.046875,
                1.0
            ],
            [
                -0.125,
                0.09375,
                1.0
            ],
            [
                -0.09375,
                0.09375,
                1.0
            ]
        ]
    },
    "cluster_id": 1,
    "children": {
        "2.02209708691208": {
            "state": {
                "red_army": [
                    [
                        -0.125,
                        0.015625,
                        1.0
                    ],
                    [
                        -0.046875,
                        0.0625,
                        0.6
                    ],
                    [
                        -0.15625,
                        0.046875,
                        1.0
                    ]
                ],
                "blue_army": [
                    [
                        0.0,
                        0.046875,
                        1.0
                    ],
                    [
                        -0.125,
                        0.09375,
                        0.4666666666666667
                    ],
                    [
                        -0.09375,
                        0.09375,
                        1.0
                    ]
                ]
            },
            "cluster_id": 2,
            "children": {}
        },
        "3.03772208691208": {
            "state": {
                "red_army": [
                    [
                        -0.109375,
                        0.03125,
                        1.0
                    ],
                    [
                        -0.140625,
                        0.046875,
                        0.6
                    ]
                ],
                "blue_army": [
                    [
                        0.0,
                        0.046875,
                        1.0
                    ],
                    [
                        -0.125,
                        0.09375,
                        0.06666666666666667
                    ],
                    [
                        -0.09375,
                        0.09375,
                        0.4666666666666667
                    ]
                ]
            },
            "cluster_id": 3,
            "children": {}
        },
        "4.04419417382416": {
            "state": {
                "red_army": [
                    [
                        -0.109375,
                        0.03125,
                        1.0
                    ],
                    [
                        -0.140625,
                        0.03125,
                        0.4666666666666667
                    ]
                ],
                "blue_army": [
                    [
                        0.0,
                        0.046875,
                        1.0
                    ],
                    [
                        -0.09375,
                        0.09375,
                        0.4666666666666667
                    ]
                ]
            },
            "cluster_id": 4,
            "children": {}
        },
        "5.03772208691208": {
            "state": {
                "red_army": [
                    [
                        -0.109375,
                        0.03125,
                        0.6
                    ]
                ],
                "blue_army": [
                    [
                        -0.015625,
                        0.046875,
                        0.3333333333333333
                    ],
                    [
                        -0.09375,
                        0.09375,
                        0.2
                    ]
                ]
            },
            "cluster_id": 5,
            "children": {}
        },
        "6.050563562148434": {
            "state": {
                "red_army": [],
                "blue_army": [
                    [
                        -0.03125,
                        0.03125,
                        0.2
                    ],
                    [
                        -0.09375,
                        0.078125,
                        0.2
                    ]
                ]
            },
            "cluster_id": 6,
            "children": {}
        },
        "1.8170098544720954": {
            "state": {
                "red_army": [
                    [
                        -0.140625,
                        -0.046875,
                        1.0
                    ],
                    [
                        -0.109375,
                        -0.046875,
                        0.8666666666666667
                    ],
                    [
                        -0.046875,
                        -0.046875,
                        0.6
                    ]
                ],
                "blue_army": [
                    [
                        -0.125,
                        -0.09375,
                        0.6
                    ],
                    [
                        -0.09375,
                        -0.09375,
                        0.6
                    ],
                    [
                        -0.09375,
                        -0.046875,
                        0.3333333333333333
                    ],
                    [
                        0.0,
                        -0.046875,
                        1.0
                    ]
                ]
            },
            "cluster_id": 7,
            "children": {}
        },
        "4.471285588440131": {
            "state": {
                "red_army": [
                    [
                        -0.109375,
                        -0.03125,
                        0.2
                    ]
                ],
                "blue_army": [
                    [
                        -0.125,
                        -0.09375,
                        0.2
                    ],
                    [
                        -0.09375,
                        -0.09375,
                        0.2
                    ],
                    [
                        0.0,
                        -0.046875,
                        0.4666666666666667
                    ]
                ]
            },
            "cluster_id": 8,
            "children": {}
        },
        "5.421875": {
            "state": {
                "red_army": [],
                "blue_army": [
                    [
                        -0.125,
                        -0.09375,
                        0.06666666666666667
                    ],
                    [
                        -0.09375,
                        -0.09375,
                        0.2
                    ],
                    [
                        0.0,
                        -0.046875,
                        0.4666666666666667
                    ]
                ]
            },
            "cluster_id": 9,
            "children": {}
        },