{
    "state": {
        "red_army": [
            [
                -0.140625,
                0.0,
                1.0
            ],
            [
                -0.171875,
                -0.015625,
                0.8666666666666667
            ]
        ],
        "blue_army": [
            [
                -0.09375,
                -0.09375,
                0.4666666666666667
            ],
            [
                0.0,
                -0.046875,
                1.0
            ],
            [
                -0.09375,
                -0.046875,
                0.06666666666666667
            ],
            [
                -0.125,
                -0.09375,
                0.2
            ]
        ]
    },
    "cluster_id": 1,
    "children": {
        "1.2": {
            "state": {
                "red_army": [
                    [
                        -0.203125,
                        0.015625,
                        1.0
                    ],
                    [
                        -0.203125,
                        0.03125,
                        1.0
                    ]
                ],
                "blue_army": [
                    [
                        0.0,
                        -0.046875,
                        1.0
                    ],
                    [
                        -0.109375,
                        -0.03125,
                        0.4666666666666667
                    ],
                    [
                        -0.140625,
                        -0.078125,
                        0.3333333333333333
                    ],
                    [
                        -0.125,
                        -0.0625,
                        1.0
                    ]
                ]
            },
            "cluster_id": 2,
            "children": {}
        },
        "0.9333333333333335": {
            "state": {
                "red_army": [
                    [
                        -0.171875,
                        0.0,
                        0.7333333333333333
                    ],
                    [
                        -0.171875,
                        0.015625,
                        1.0
                    ]
                ],
                "blue_army": [
                    [
                        0.0,
                        -0.046875,
                        1.0
                    ],
                    [
                        -0.109375,
                        -0.03125,
                        0.2
                    ],
                    [
                        -0.140625,
                        -0.078125,
                        0.3333333333333333
                    ],
                    [
                        -0.125,
                        -0.0625,
                        1.0
                    ]
                ]
            },
            "cluster_id": 3,
            "children": {}
        },
        "1.4666666666666663": {
            "state": {
                "red_army": [
                    [
                        -0.1875,
                        0.0,
                        1.0
                    ],
                    [
                        -0.171875,
                        0.015625,
                        1.0
                    ]
                ],
                "blue_army": [
                    [
                        -0.125,
                        -0.09375,
                        0.7333333333333333
                    ],
                    [
                        -0.09375,
                        -0.09375,
                        1.0
                    ],
                    [
                        -0.09375,
                        -0.046875,
                        0.06666666666666667
                    ],
                    [
                        0.0,
                        -0.046875,
                        0.7333333333333333
                    ]
                ]
            },
            "cluster_id": 4,
            "children": {}
        }
    }
}