{
    "state": {
        "red_army": [
            [
                -0.125,
                0.0,
                0.6
            ],
            [
                -0.140625,
                -0.015625,
                0.06666666666666667
            ]
        ],
        "blue_army": []
    },
    "cluster_id": 1,
    "children": {
        "0.6666666666666666": {
            "state": {
                "red_army": [
                    [
                        -0.171875,
                        0.125,
                        0.6
                    ],
                    [
                        -0.171875,
                        0.125,
                        0.4666666666666667
                    ]
                ],
                "blue_army": []
            },
            "cluster_id": 2,
            "children": {}
        }
    }
}