{
    "state": {
        "red_army": [],
        "blue_army": [
            [
                -0.03125,
                0.03125,
                0.2
            ],
            [
                -0.09375,
                0.078125,
                0.2
            ]
        ]
    },
    "cluster_id": 1,
    "children": {
        "0.6666666666666665": {
            "state": {
                "red_army": [],
                "blue_army": [
                    [
                        -0.125,
                        -0.078125,
                        0.7333333333333333
                    ],
                    [
                        -0.015625,
                        -0.03125,
                        0.3333333333333333
                    ]
                ]
            },
            "cluster_id": 2,
            "children": {}
        },
        "1.0666666666666667": {
            "state": {
                "red_army": [],
                "blue_army": [
                    [
                        0.0,
                        -0.046875,
                        1.0
                    ],
                    [
                        -0.140625,
                        -0.03125,
                        0.4666666666666667
                    ]
                ]
            },
            "cluster_id": 3,
            "children": {}
        },
        "0.8": {
            "state": {
                "red_army": [],
                "blue_army": [
                    [
                        -0.09375,
                        -0.078125,
                        0.06666666666666667
                    ],
                    [
                        0.0,
                        -0.046875,
                        0.8666666666666667
                    ]
                ]
            },
            "cluster_id": 4,
            "children": {}
        }
    }
}