{
    "state": {
        "red_army": [
            [
                -0.09375,
                -0.03125,
                0.2
            ],
            [
                -0.09375,
                -0.046875,
                0.06666666666666667
            ],
            [
                -0.09375,
                -0.015625,
                1.0
            ]
        ],
        "blue_army": []
    },
    "cluster_id": 1,
    "children": {
        "1.6": {
            "state": {
                "red_army": [
                    [
                        -0.125,
                        0.03125,
                        0.2
                    ],
                    [
                        -0.125,
                        0.015625,
                        0.06666666666666667
                    ],
                    [
                        -0.125,
                        0.03125,
                        1.0
                    ]
                ],
                "blue_army": []
            },
            "cluster_id": 2,
            "children": {
                "1.8666666666666667": {
                    "state": {
                        "red_army": [
                            [
                                -0.203125,
                                0.21875,
                                0.2
                            ],
                            [
                                -0.21875,
                                0.21875,
                                0.06666666666666667
                            ],
                            [
                                -0.21875,
                                0.21875,
                                1.0
                            ]
                        ],
                        "blue_army": []
                    },
                    "cluster_id": 3,
                    "children": {}
                }
            }
        },
        "1.8666666666666667": {
            "state": {
                "red_army": [
                    [
                        -0.21875,
                        0.234375,
                        0.2
                    ],
                    [
                        -0.21875,
                        0.21875,
                        0.06666666666666667
                    ],
                    [
                        -0.234375,
                        0.21875,
                        1.0
                    ]
                ],
                "blue_army": []
            },
            "cluster_id": 4,
            "children": {}
        }
    }
}