{
    "state": {
        "red_army": [],
        "blue_army": [
            [
                -0.015625,
                -0.03125,
                0.4666666666666667
            ]
        ]
    },
    "cluster_id": 1,
    "children": {}
}