{"state": {"red_army": [[-0.125, 0.015625, 1.0], [-0.03125, 0.046875, 1.0], [-0.15625, 0.046875, 1.0], [-0.125, 0.046875, 1.0]], "blue_army": [[0.0, 0.046875, 1.0], [-0.09375, 0.046875, 1.0], [-0.125, 0.09375, 1.0], [-0.09375, 0.09375, 1.0]]}, "cluster_id": 1, "children": {"1.0598191738241591": {"state": {"red_army": [[-0.109375, 0.03125, 1.0], [-0.046875, 0.0625, 0.6], [-0.109375, 0.046875, 0.8666666666666667]], "blue_army": [[0.0, 0.046875, 0.6], [-0.09375, 0.046875, 0.2], [-0.125, 0.09375, 0.7333333333333333], [-0.09375, 0.09375, 1.0]]}, "cluster_id": 2, "children": {}}, "2.059819173824159": {"state": {"red_army": [[-0.109375, 0.03125, 1.0], [-0.046875, 0.0625, 0.3333333333333333], [-0.109375, 0.046875, 0.4666666666666667]], "blue_army": [[0.0, 0.046875, 0.4666666666666667], [-0.125, 0.09375, 0.7333333333333333], [-0.09375, 0.09375, 1.0]]}, "cluster_id": 3, "children": {}}, "3.075444173824159": {"state": {"red_army": [[-0.09375, 0.046875, 1.0], [-0.0625, 0.078125, 0.2]], "blue_army": [[0.0, 0.046875, 0.4666666666666667], [-0.125, 0.09375, 0.7333333333333333], [-0.09375, 0.09375, 0.6]]}, "cluster_id": 4, "children": {}}, "4.02209708691208": {"state": {"red_army": [[-0.109375, 0.0, 0.8666666666666667]], "blue_army": [[0.0, 0.046875, 0.4666666666666667], [-0.125, 0.09375, 0.7333333333333333], [-0.09375, 0.09375, 0.6]]}, "cluster_id": 5, "children": {}}, "5.03125": {"state": {"red_army": [], "blue_army": [[-0.03125, 0.046875, 0.4666666666666667], [-0.125, 0.09375, 0.4666666666666667], [-0.09375, 0.09375, 0.4666666666666667]]}, "cluster_id": 6, "children": {}}, "0.875": {"state": {"red_army": [[-0.125, -0.015625, 1.0], [-0.03125, -0.046875, 1.0], [-0.15625, -0.046875, 1.0], [-0.125, -0.046875, 1.0]], "blue_army": [[0.0, -0.046875, 1.0], [-0.09375, -0.09375, 1.0], [-0.125, -0.09375, 1.0], [-0.09375, -0.046875, 1.0]]}, "cluster_id": 7, "children": {}}, "2.631618356780149": {"state": {"red_army": [[-0.125, -0.015625, 1.0], [-0.0625, -0.046875, 0.6], [-0.140625, -0.03125, 1.0]], "blue_army": [[0.0, -0.046875, 0.8666666666666667], [-0.09375, -0.09375, 0.7333333333333333], [-0.125, -0.09375, 1.0]]}, "cluster_id": 8, "children": {}}, "1.7425405366800364": {"state": {"red_army": [[-0.125, -0.015625, 1.0], [-0.0625, -0.046875, 0.6], [-0.140625, -0.03125, 0.8666666666666667]], "blue_army": [[-0.015625, -0.03125, 0.8666666666666667], [-0.09375, -0.09375, 0.8666666666666667], [-0.125, -0.078125, 0.7333333333333333], [-0.09375, -0.046875, 0.06666666666666667]]}, "cluster_id": 9, "children": {}}, "1.7112905366800364": {"state": {"red_army": [[-0.125, -0.015625, 1.0], [-0.109375, -0.03125, 0.6], [-0.140625, -0.03125, 0.2], [-0.0625, -0.046875, 0.6]], "blue_army": [[-0.09375, -0.09375, 1.0], [-0.125, -0.09375, 0.6], [0.0, -0.046875, 0.8666666666666667]]}, "cluster_id": 10, "children": {}}, "4.2929395336604115": {"state": {"red_army": [[-0.109375, 0.0, 0.8666666666666667], [-0.125, 0.0, 0.4666666666666667]], "blue_army": [[-0.015625, -0.03125, 1.0], [-0.140625, -0.09375, 0.6]]}, "cluster_id": 11, "children": {}}, "5.136008918579012": {"state": {"red_army": [[-0.09375, 0.0, 0.7333333333333333], [-0.125, 0.015625, 0.06666666666666667]], "blue_army": [[-0.015625, -0.03125, 1.0]]}, "cluster_id": 12, "children": {}}, "6.106240287023557": {"state": {"red_army": [[-0.109375, 0.0, 0.06666666666666667]], "blue_army": [[-0.03125, -0.03125, 0.06666666666666667]]}, "cluster_id": 13, "children": {}}, "7.084143200111477": {"state": {"red_army": [], "blue_army": [[-0.03125, -0.03125, 0.06666666666666667]]}, "cluster_id": 14, "children": {}}, "5.221269957217052": {"state": {"red_army": [[-0.125, 0.0, 0.4666666666666667]], "blue_army": [[-0.015625, -0.03125, 1.0], [-0.109375, -0.078125, 0.2]]}, "cluster_id": 15, "children": {}}, "3.3809659705853328": {"state": {"red_army": [[-0.078125, -0.015625, 0.06666666666666667], [-0.125, 0.0, 0.4666666666666667], [-0.109375, 0.0, 0.4666666666666667]], "blue_army": [[0.0, -0.046875, 0.7333333333333333], [-0.125, -0.09375, 1.0]]}, "cluster_id": 16, "children": {}}, "6.222597050800552": {"state": {"red_army": [], "blue_army": [[0.0, -0.046875, 0.7333333333333333], [-0.125, -0.078125, 0.2]]}, "cluster_id": 17, "children": {}}, "6.104815686445303": {"state": {"red_army": [[-0.09375, 0.0, 0.06666666666666667], [-0.0625, -0.015625, 0.2]], "blue_army": []}, "cluster_id": 18, "children": {}}, "2.659938562148434": {"state": {"red_army": [[-0.140625, -0.015625, 1.0], [-0.15625, -0.015625, 1.0]], "blue_army": [[-0.09375, -0.09375, 0.7333333333333333], [0.0, -0.046875, 1.0], [-0.125, -0.09375, 1.0], [-0.09375, -0.046875, 0.06666666666666667]]}, "cluster_id": 19, "children": {}}, "7.049410588440131": {"state": {"red_army": [[-0.109375, -0.03125, 0.3333333333333333]], "blue_army": []}, "cluster_id": 20, "children": {}}, "3.5855021242968683": {"state": {"red_army": [[-0.03125, -0.046875, 0.06666666666666667], [-0.15625, -0.046875, 1.0]], "blue_army": [[0.0, -0.046875, 0.3333333333333333], [-0.09375, -0.09375, 0.4666666666666667], [-0.125, -0.09375, 0.3333333333333333]]}, "cluster_id": 21, "children": {}}, "2.5237905366800364": {"state": {"red_army": [[-0.140625, -0.03125, 1.0], [-0.125, -0.015625, 0.2], [-0.109375, -0.03125, 0.4666666666666667], [-0.0625, -0.046875, 0.4666666666666667]], "blue_army": [[0.0, -0.046875, 0.7333333333333333], [-0.09375, -0.09375, 1.0]]}, "cluster_id": 22, "children": {}}, "4.32165394522028": {"state": {"red_army": [[-0.140625, -0.03125, 1.0], [-0.109375, -0.03125, 0.3333333333333333], [-0.0625, -0.046875, 0.06666666666666667]], "blue_army": [[0.0, -0.046875, 0.7333333333333333]]}, "cluster_id": 23, "children": {}}, "3.3856597398111385": {"state": {"red_army": [[-0.0625, -0.03125, 0.06666666666666667], [-0.125, -0.046875, 0.06666666666666667], [-0.109375, -0.03125, 0.06666666666666667], [-0.140625, -0.03125, 1.0]], "blue_army": [[-0.015625, -0.03125, 0.8666666666666667]]}, "cluster_id": 24, "children": {}}, "3.57705802890836": {"state": {"red_army": [[-0.1875, 0.0, 0.8666666666666667]], "blue_army": [[-0.125, -0.0625, 0.2], [0.0, -0.046875, 0.8666666666666667], [-0.140625, -0.078125, 0.7333333333333333], [-0.109375, -0.046875, 0.06666666666666667]]}, "cluster_id": 25, "children": {}}, "4.5194281256933255": {"state": {"red_army": [], "blue_army": [[0.0, -0.046875, 0.8666666666666667], [-0.125, -0.0625, 0.3333333333333333], [-0.140625, -0.078125, 0.3333333333333333], [-0.09375, -0.046875, 0.06666666666666667]]}, "cluster_id": 26, "children": {}}, "4.514130771233737": {"state": {"red_army": [[-0.21875, 0.203125, 0.3333333333333333], [-0.21875, 0.203125, 0.06666666666666667]], "blue_army": [[-0.1875, 0.125, 0.2], [0.0, -0.046875, 0.8666666666666667]]}, "cluster_id": 27, "children": {}}, "5.59402003717312": {"state": {"red_army": [[-0.28125, 0.34375, 0.7333333333333333]], "blue_army": [[-0.234375, 0.234375, 0.3333333333333333], [0.0, -0.046875, 0.2]]}, "cluster_id": 28, "children": {}}, "5.503936967993105": {"state": {"red_army": [[0.1875, 0.046875, 0.06666666666666667], [-0.09375, 0.25, 0.6]], "blue_army": [[-0.109375, 0.171875, 0.4666666666666667]]}, "cluster_id": 29, "children": {}}, "6.047166764951341": {"state": {"red_army": [[0.484375, -0.0625, 0.06666666666666667], [0.0, 0.515625, 0.6]], "blue_army": [[-0.125, 0.03125, 0.4666666666666667]]}, "cluster_id": 30, "children": {}}, "5.731356842310934": {"state": {"red_army": [[-0.421875, 0.125, 0.3333333333333333], [-0.484375, -0.015625, 0.7333333333333333]], "blue_army": [[0.0, -0.046875, 0.3333333333333333]]}, "cluster_id": 31, "children": {}}, "6.431854684019708": {"state": {"red_army": [[-0.703125, 0.34375, 0.3333333333333333], [-0.84375, 0.015625, 0.7333333333333333]], "blue_army": [[0.0, -0.046875, 0.3333333333333333]]}, "cluster_id": 32, "children": {}}, "6.556492627001379": {"state": {"red_army": [[-0.453125, 0.171875, 0.4666666666666667]], "blue_army": [[-0.359375, 0.09375, 0.4666666666666667]]}, "cluster_id": 33, "children": {}},