{"state": {"red_army": [[-0.34375, 0.390625, 0.4666666666666667], [-0.359375, 0.390625, 0.6]], "blue_army": [[-0.015625, -0.046875, 1.0]]}, "cluster_id": 1, "children": {}}