{"state": {"red_army": [], "blue_army": [[-0.03125, -0.03125, 0.06666666666666667]]}, "cluster_id": 1, "children": {"0.6666666666666666": {"state": {"red_army": [], "blue_army": [[-0.015625, -0.03125, 0.7333333333333333]]}, "cluster_id": 2, "children": {}}}}