{"state": {"red_army": [[-0.109375, 0.03125, 1.0], [-0.046875, 0.0625, 0.6], [-0.109375, 0.046875, 0.8666666666666667]], "blue_army": [[0.0, 0.046875, 0.6], [-0.09375, 0.046875, 0.2], [-0.125, 0.09375, 0.7333333333333333], [-0.09375, 0.09375, 1.0]]}, "cluster_id": 1, "children": {"0.5333333333333334": {"state": {"red_army": [[-0.109375, 0.03125, 1.0], [-0.046875, 0.0625, 0.4666666666666667], [-0.109375, 0.046875, 0.6]], "blue_army": [[0.0, 0.046875, 0.6], [-0.09375, 0.046875, 0.06666666666666667], [-0.125, 0.09375, 0.7333333333333333], [-0.09375, 0.09375, 1.0]]}, "cluster_id": 2, "children": {"1.0666666666666669": {"state": {"red_army": [[-0.140625, 0.0, 1.0], [-0.046875, 0.046875, 0.6], [-0.171875, 0.03125, 1.0]], "blue_army": [[0.0, 0.046875, 0.8666666666666667], [-0.09375, 0.046875, 0.2], [-0.125, 0.09375, 0.8666666666666667], [-0.09375, 0.09375, 1.0]]}, "cluster_id": 9, "children": {}}}}, "1.7333333333333334": {"state": {"red_army": [[-0.125, 0.0, 0.2], [-0.046875, -0.03125, 0.4666666666666667], [-0.125, 0.0, 1.0]], "blue_army": [[-0.109375, -0.078125, 0.4666666666666667], [-0.015625, -0.03125, 0.8666666666666667], [-0.140625, -0.078125, 0.8666666666666667], [-0.09375, -0.046875, 0.2]]}, "cluster_id": 3, "children": {"3.466666666666667": {"state": {"red_army": [[-0.125, 0.015625, 1.0], [-0.03125, 0.046875, 0.4666666666666667], [-0.125, 0.046875, 0.4666666666666667]], "blue_army": [[0.0, 0.046875, 0.3333333333333333], [-0.09375, 0.046875, 0.4666666666666667], [-0.125, 0.09375, 0.06666666666666667], [-0.09375, 0.09375, 1.0]]}, "cluster_id": 15, "children": {}}}}, "2.2666666666666666": {"state": {"red_army": [[-0.125, 0.0, 0.06666666666666667], [-0.0625, -0.03125, 0.3333333333333333], [-0.125, 0.0, 1.0]], "blue_army": [[-0.109375, -0.078125, 0.4666666666666667], [-0.015625, -0.03125, 0.8666666666666667], [-0.140625, -0.078125, 0.6], [-0.09375, -0.046875, 0.2]]}, "cluster_id": 4, "children": {}}, "1.8666666666666667": {"state": {"red_army": [[-0.125, 0.015625, 1.0], [-0.03125, 0.046875, 0.4666666666666667], [-0.125, 0.046875, 0.4666666666666667]], "blue_army": [[0.0, 0.046875, 0.3333333333333333], [-0.09375, 0.046875, 0.4666666666666667], [-0.125, 0.09375, 0.4666666666666667], [-0.09375, 0.09375, 0.4666666666666667]]}, "cluster_id": 5, "children": {}}, "2.4": {"state": {"red_army": [[-0.125, 0.015625, 1.0], [-0.03125, 0.046875, 0.3333333333333333], [-0.125, 0.046875, 0.06666666666666667]], "blue_army": [[0.0, 0.046875, 0.3333333333333333], [-0.09375, 0.046875, 0.3333333333333333], [-0.125, 0.09375, 0.4666666666666667], [-0.09375, 0.09375, 0.3333333333333333]]}, "cluster_id": 6, "children": {}}, "0.7999999999999999": {"state": {"red_army": [[-0.140625, 0.0, 1.0], [-0.0625, 0.0625, 0.6], [-0.171875, 0.03125, 0.8666666666666667]], "blue_army": [[0.0, 0.046875, 1.0], [-0.09375, 0.046875, 0.3333333333333333], [-0.125, 0.09375, 0.4666666666666667], [-0.09375, 0.09375, 1.0]]}, "cluster_id": 7, "children": {}}, "1.3333333333333333": {"state": {"red_army": [[-0.140625, 0.0, 1.0], [-0.0625, 0.0625, 0.2], [-0.171875, 0.03125, 0.8666666666666667]], "blue_army": [[0.0, 0.046875, 1.0], [-0.09375, 0.046875, 0.06666666666666667], [-0.125, 0.09375, 0.3333333333333333], [-0.09375, 0.09375, 1.0]]}, "cluster_id": 8, "children": {}}, "0.5333333333333332": {"state": {"red_army": [[-0.140625, 0.0, 1.0], [-0.046875, 0.046875, 0.4666666666666667], [-0.171875, 0.03125, 1.0]], "blue_army": [[0.0, 0.046875, 0.7333333333333333], [-0.09375, 0.046875, 0.06666666666666667], [-0.125, 0.09375, 0.7333333333333333], [-0.09375, 0.09375, 1.0]]}, "cluster_id": 10, "children": {}}, "0.9333333333333331": {"state": {"red_army": [[-0.125, 0.015625, 0.8666666666666667], [-0.03125, 0.046875, 0.3333333333333333], [-0.15625, 0.046875, 0.8666666666666667]], "blue_army": [[0.0, 0.046875, 0.4666666666666667], [-0.09375, 0.046875, 0.06666666666666667], [-0.125, 0.09375, 0.4666666666666667], [-0.09375, 0.09375, 1.0]]}, "cluster_id": 11, "children": {"1.3333333333333333": {"state": {"red_army": [[-0.125, 0.015625, 1.0], [-0.03125, 0.046875, 0.6], [-0.125, 0.046875, 0.8666666666666667]], "blue_army": [[0.0, 0.046875, 0.6], [-0.09375, 0.046875, 0.6], [-0.125, 0.09375, 0.2], [-0.09375, 0.09375, 1.0]]}, "cluster_id": 13, "children": {}}}}, "1.4666666666666668": {"state": {"red_army": [[-0.125, 0.015625, 0.8666666666666667], [-0.03125, 0.046875, 0.2], [-0.15625, 0.046875, 0.7333333333333333]], "blue_army": [[0.0, 0.046875, 0.3333333333333333], [-0.09375, 0.046875, 0.06666666666666667], [-0.125, 0.09375, 0.3333333333333333], [-0.09375, 0.09375, 1.0]]}, "cluster_id": 12, "children": {}}, "1.1999999999999997": {"state": {"red_army": [[-0.125, 0.015625, 1.0], [-0.03125, 0.046875, 0.4666666666666667], [-0.125, 0.046875, 0.7333333333333333]], "blue_army": [[0.0, 0.046875, 0.4666666666666667], [-0.09375, 0.046875, 0.4666666666666667], [-0.125, 0.09375, 0.2], [-0.09375, 0.09375, 1.0]]}, "cluster_id": 14, "children": {}}}}