{"state": {"red_army": [[-0.796875, 0.609375, 0.3333333333333333], [-0.796875, 0.625, 1.0], [-0.796875, 0.609375, 0.6]], "blue_army": [[0.0, -0.046875, 0.8666666666666667]]}, "cluster_id": 1, "children": {"1.3333333333333335": {"state": {"red_army": [[-0.796875, 0.625, 0.3333333333333333], [-0.8125, 0.640625, 1.0], [-0.8125, 0.625, 0.6]], "blue_army": [[0.0, -0.046875, 0.8666666666666667]]}, "cluster_id": 2, "children": {"1.3333333333333335": {"state": {"red_army": [[-0.8125, 0.640625, 0.3333333333333333], [-0.828125, 0.65625, 1.0], [-0.828125, 0.640625, 0.6]], "blue_army": [[0.0, -0.046875, 0.8666666666666667]]}, "cluster_id": 3, "children": {}}, "0.5333333333333334": {"state": {"red_army": [[-0.8125, 0.671875, 1.0], [-0.8125, 0.65625, 0.3333333333333333], [-0.796875, 0.65625, 0.2]], "blue_army": [[-0.015625, -0.03125, 0.7333333333333333]]}, "cluster_id": 6, "children": {}}, "0.5333333333333332": {"state": {"red_army": [[-0.765625, 0.625, 0.6], [-0.765625, 0.625, 1.0], [-0.75, 0.609375, 0.7333333333333333]], "blue_army": [[0.0, -0.046875, 1.0]]}, "cluster_id": 22, "children": {}}}}, "0.5333333333333334": {"state": {"red_army": [[-0.734375, 0.609375, 1.0], [-0.75, 0.609375, 0.3333333333333333], [-0.734375, 0.59375, 0.2]], "blue_army": [[-0.015625, -0.03125, 0.7333333333333333]]}, "cluster_id": 4, "children": {"1.6": {"state": {"red_army": [[-0.765625, 0.625, 1.0], [-0.765625, 0.625, 0.3333333333333333], [-0.75, 0.609375, 0.2]], "blue_army": [[-0.015625, -0.03125, 0.7333333333333333]]}, "cluster_id": 5, "children": {}}}}, "1.2000000000000002": {"state": {"red_army": [[-0.765625, 0.625, 0.2], [-0.78125, 0.640625, 0.4666666666666667], [-0.78125, 0.640625, 1.0]], "blue_army": [[0.0, -0.046875, 0.7333333333333333]]}, "cluster_id": 7, "children": {}}, "1.4666666666666668": {"state": {"red_army": [[-0.84375, 0.6875, 0.2], [-0.84375, 0.6875, 0.4666666666666667], [-0.84375, 0.6875, 1.0]], "blue_army": [[0.0, -0.046875, 0.7333333333333333]]}, "cluster_id": 8, "children": {"1.6": {"state": {"red_army": [[-0.8125, 0.671875, 0.4666666666666667], [-0.84375, 0.6875, 1.0], [-0.84375, 0.6875, 0.4666666666666667]], "blue_army": [[-0.015625, -0.03125, 1.0]]}, "cluster_id": 10, "children": {"1.0666666666666667": {"state": {"red_army": [[-0.828125, 0.6875, 0.4666666666666667], [-0.84375, 0.6875, 1.0], [-0.84375, 0.6875, 0.4666666666666667]], "blue_army": [[-0.015625, -0.03125, 1.0]]}, "cluster_id": 11, "children": {"1.0666666666666667": {"state": {"red_army": [[-0.84375, 0.6875, 0.4666666666666667], [-0.84375, 0.6875, 1.0], [-0.828125, 0.6875, 0.4666666666666667]], "blue_army": [[-0.015625, -0.03125, 1.0]]}, "cluster_id": 12, "children": {}}}}}}}}, "0.6666666666666667": {"state": {"red_army": [[-0.84375, 0.6875, 0.2], [-0.84375, 0.671875, 0.4666666666666667], [-0.84375, 0.6875, 1.0]], "blue_army": [[0.0, -0.046875, 0.7333333333333333]]}, "cluster_id": 9, "children": {}}, "1.7333333333333334": {"state": {"red_army": [[-0.765625, 0.625, 0.6], [-0.765625, 0.625, 1.0], [-0.75, 0.609375, 0.06666666666666667]], "blue_army": [[-0.015625, -0.03125, 0.7333333333333333]]}, "cluster_id": 13, "children": {}}, "1.6": {"state": {"red_army": [[-0.75, 0.609375, 1.0], [-0.734375, 0.59375, 0.6], [-0.734375, 0.609375, 0.2]], "blue_army": [[0.0, -0.046875, 0.7333333333333333]]}, "cluster_id": 14, "children": {"0.8": {"state": {"red_army": [[-0.8125, 0.65625, 1.0], [-0.796875, 0.65625, 0.6], [-0.8125, 0.671875, 0.2]], "blue_army": [[0.0, -0.046875, 0.7333333333333333]]}, "cluster_id": 17, "children": {"0.7999999999999999": {"state": {"red_army": [[-0.828125, 0.671875, 1.0], [-0.8125, 0.671875, 0.6], [-0.828125, 0.6875, 0.2]], "blue_army": [[0.0, -0.046875, 0.7333333333333333]]}, "cluster_id": 18, "children": {}}}}, "1.6": {"state": {"red_army": [[-0.84375, 0.6875, 1.0], [-0.828125, 0.671875, 0.6], [-0.84375, 0.6875, 0.2]], "blue_army": [[0.0, -0.046875, 0.7333333333333333]]}, "cluster_id": 19, "children": {}}, "0.7999999999999999": {"state": {"red_army": [[-0.84375, 0.6875, 1.0], [-0.828125, 0.6875, 0.6], [-0.84375, 0.6875, 0.2]], "blue_army": [[0.0, -0.046875, 0.7333333333333333]]}, "cluster_id": 20, "children": {}}}}, "0.8": {"state": {"red_army": [[-0.765625, 0.625, 1.0], [-0.75, 0.609375, 0.6], [-0.75, 0.625, 0.2]], "blue_army": [[0.0, -0.046875, 0.7333333333333333]]}, "cluster_id": 15, "children": {"0.8": {"state": {"red_army": [[-0.796875, 0.640625, 1.0], [-0.78125, 0.640625, 0.6], [-0.796875, 0.65625, 0.2]], "blue_army": [[0.0, -0.046875, 0.7333333333333333]]}, "cluster_id": 16, "children": {}}}}, "0.5333333333333332": {"state": {"red_army": [[-0.75, 0.609375, 0.6], [-0.75, 0.609375, 1.0], [-0.734375, 0.59375, 0.7333333333333333]], "blue_army": [[0.0, -0.046875, 1.0]]}, "cluster_id": 21, "children": {}}}}