{"state": {"red_army": [[-0.203125, 0.25, 0.2], [-0.1875, 0.25, 0.3333333333333333]], "blue_army": [[0.0, -0.046875, 0.6], [-0.171875, 0.140625, 0.06666666666666667], [-0.171875, 0.15625, 0.06666666666666667]]}, "cluster_id": 1, "children": {"0.7999999999999999": {"state": {"red_army": [[-0.125, 0.296875, 0.2], [-0.125, 0.296875, 0.3333333333333333]], "blue_army": [[-0.125, 0.203125, 0.06666666666666667], [-0.125, 0.203125, 0.3333333333333333], [0.0, -0.046875, 0.3333333333333333]]}, "cluster_id": 2, "children": {}}, "1.3333333333333335": {"state": {"red_army": [[-0.09375, 0.296875, 0.06666666666666667], [-0.09375, 0.296875, 0.6]], "blue_army": [[-0.109375, 0.171875, 0.06666666666666667], [0.0, -0.046875, 1.0], [-0.109375, 0.203125, 0.3333333333333333]]}, "cluster_id": 3, "children": {"0.5333333333333333": {"state": {"red_army": [[-0.09375, 0.328125, 0.06666666666666667], [-0.078125, 0.34375, 0.6]], "blue_army": [[-0.109375, 0.21875, 0.06666666666666667], [0.0, -0.046875, 1.0], [-0.109375, 0.25, 0.3333333333333333]]}, "cluster_id": 5, "children": {}}}}, "1.0666666666666669": {"state": {"red_army": [[-0.09375, 0.3125, 0.06666666666666667], [-0.078125, 0.3125, 0.6]], "blue_army": [[-0.109375, 0.203125, 0.06666666666666667], [0.0, -0.046875, 1.0], [-0.109375, 0.21875, 0.3333333333333333]]}, "cluster_id": 4, "children": {"0.5333333333333333": {"state": {"red_army": [[-0.078125, 0.421875, 0.06666666666666667], [-0.0625, 0.421875, 0.6]], "blue_army": [[-0.09375, 0.203125, 0.06666666666666667], [0.0, -0.046875, 1.0], [-0.109375, 0.171875, 0.3333333333333333]]}, "cluster_id": 6, "children": {}}, "1.6": {"state": {"red_army": [[-0.0625, 0.46875, 0.06666666666666667], [-0.0625, 0.46875, 0.6]], "blue_army": [[-0.09375, 0.15625, 0.06666666666666667], [0.0, -0.046875, 1.0], [-0.109375, 0.125, 0.3333333333333333]]}, "cluster_id": 7, "children": {"1.6": {"state": {"red_army": [[-0.15625, 0.28125, 0.06666666666666667], [-0.15625, 0.265625, 0.06666666666666667]], "blue_army": [[-0.140625, 0.171875, 0.3333333333333333], [-0.140625, 0.171875, 0.2], [0.0, -0.046875, 0.3333333333333333]]}, "cluster_id": 8, "children": {}}}}}}}}