{"state": {"red_army": [[-0.6875, 0.515625, 0.06666666666666667], [-0.6875, 0.515625, 0.7333333333333333]], "blue_army": [[-0.015625, -0.046875, 0.4666666666666667]]}, "cluster_id": 1, "children": {"0.6666666666666665": {"state": {"red_army": [[-0.640625, 0.5, 0.3333333333333333], [-0.640625, 0.515625, 0.6]], "blue_army": [[0.0, -0.046875, 0.7333333333333333]]}, "cluster_id": 2, "children": {"0.5333333333333333": {"state": {"red_army": [[-0.71875, 0.578125, 0.3333333333333333], [-0.71875, 0.578125, 0.6]], "blue_army": [[0.0, -0.046875, 0.7333333333333333]]}, "cluster_id": 3, "children": {}}}}, "1.0666666666666667": {"state": {"red_army": [[-0.671875, 0.5, 0.4666666666666667], [-0.65625, 0.515625, 0.06666666666666667]], "blue_army": [[-0.015625, -0.03125, 0.4666666666666667]]}, "cluster_id": 4, "children": {}}, "0.5333333333333333": {"state": {"red_army": [[-0.640625, 0.515625, 0.06666666666666667], [-0.65625, 0.515625, 0.7333333333333333]], "blue_army": [[0.0, -0.046875, 1.0]]}, "cluster_id": 5, "children": {"1.3333333333333333": {"state": {"red_army": [[-0.703125, 0.5625, 0.06666666666666667], [-0.71875, 0.578125, 0.7333333333333333]], "blue_army": [[0.0, -0.046875, 1.0]]}, "cluster_id": 6, "children": {}}}}, "0.7999999999999998": {"state": {"red_army": [[-0.484375, 0.40625, 0.06666666666666667], [-0.46875, 0.40625, 0.2]], "blue_army": [[0.0, -0.046875, 0.7333333333333333]]}, "cluster_id": 7, "children": {}}, "1.3333333333333333": {"state": {"red_army": [[-0.734375, 0.53125, 0.6], [-0.734375, 0.53125, 0.4666666666666667]], "blue_army": [[0.0, -0.046875, 1.0]]}, "cluster_id": 8, "children": {}}, "1.8666666666666667": {"state": {"red_army": [[-0.796875, 0.53125, 1.0], [-0.796875, 0.53125, 0.06666666666666667]], "blue_army": [[0.0, -0.046875, 0.7333333333333333]]}, "cluster_id": 9, "children": {}}, "1.3333333333333335": {"state": {"red_army": [[-0.65625, 0.515625, 0.8666666666666667], [-0.65625, 0.515625, 0.8666666666666667]], "blue_army": [[0.0, -0.046875, 0.8666666666666667]]}, "cluster_id": 10, "children": {}}, "1.0666666666666669": {"state": {"red_army": [[-0.75, 0.515625, 0.3333333333333333], [-0.75, 0.53125, 1.0]], "blue_army": [[0.0, -0.046875, 1.0]]}, "cluster_id": 11, "children": {"1.3333333333333335": {"state": {"red_army": [[-0.828125, 0.59375, 0.3333333333333333], [-0.828125, 0.59375, 1.0]], "blue_army": [[0.0, -0.046875, 1.0]]}, "cluster_id": 12, "children": {}}}}, "0.9333333333333333": {"state": {"red_army": [[-0.515625, 0.40625, 0.6], [-0.515625, 0.40625, 1.0]], "blue_army": [[-0.015625, -0.046875, 0.3333333333333333]]}, "cluster_id": 13, "children": {}}, "1.6": {"state": {"red_army": [[-0.515625, 0.40625, 1.0], [-0.515625, 0.40625, 0.6]], "blue_army": [[0.0, -0.046875, 1.0]]}, "cluster_id": 14, "children": {}}, "0.5333333333333334": {"state": {"red_army": [[-0.6875, 0.53125, 0.2], [-0.6875, 0.515625, 1.0]], "blue_army": [[0.0, -0.046875, 0.6]]}, "cluster_id": 15, "children": {}}}}