{"state": {"red_army": [[-0.296875, -0.171875, 1.0], [-0.3125, -0.15625, 0.6]], "blue_army": [[-0.140625, 0.015625, 0.7333333333333333], [-0.25, -0.0625, 0.4666666666666667]]}, "cluster_id": 1, "children": {"0.8": {"state": {"red_army": [[-0.40625, -0.3125, 1.0], [-0.40625, -0.3125, 0.6]], "blue_army": [[-0.140625, 0.015625, 0.7333333333333333], [-0.34375, -0.203125, 0.4666666666666667]]}, "cluster_id": 2, "children": {}}}}