{"state": {"red_army": [[-0.015625, 0.65625, 0.8666666666666667]], "blue_army": [[0.0, -0.046875, 0.4666666666666667], [-0.125, -0.046875, 0.2]]}, "cluster_id": 1, "children": {"0.9333333333333333": {"state": {"red_army": [[-0.390625, 0.6875, 0.06666666666666667]], "blue_army": [[0.0, -0.046875, 0.3333333333333333], [-0.125, -0.09375, 0.2]]}, "cluster_id": 2, "children": {}}, "0.5333333333333334": {"state": {"red_army": [[0.0625, 0.609375, 0.8666666666666667]], "blue_army": [[-0.109375, 0.0, 0.06666666666666667], [0.0, -0.046875, 0.8666666666666667]]}, "cluster_id": 3, "children": {}}}}