{"state": {"red_army": [[-0.75, 0.359375, 0.06666666666666667], [-0.75, 0.375, 0.06666666666666667], [-0.78125, 0.390625, 1.0]], "blue_army": [[-0.015625, -0.046875, 0.3333333333333333]]}, "cluster_id": 1, "children": {"1.8666666666666667": {"state": {"red_army": [[-0.78125, 0.390625, 0.06666666666666667], [-0.78125, 0.40625, 0.06666666666666667], [-0.8125, 0.421875, 1.0]], "blue_army": [[-0.015625, -0.046875, 0.3333333333333333]]}, "cluster_id": 2, "children": {"1.8666666666666667": {"state": {"red_army": [[-0.8125, 0.421875, 0.06666666666666667], [-0.8125, 0.4375, 0.06666666666666667], [-0.84375, 0.453125, 1.0]], "blue_army": [[-0.015625, -0.046875, 0.3333333333333333]]}, "cluster_id": 3, "children": {}}, "2.666666666666667": {"state": {"red_army": [[-0.734375, 0.59375, 0.6], [-0.734375, 0.59375, 1.0], [-0.71875, 0.578125, 0.7333333333333333]], "blue_army": [[0.0, -0.046875, 1.0]]}, "cluster_id": 30, "children": {}}}}, "0.9333333333333333": {"state": {"red_army": [[-0.796875, 0.171875, 0.4666666666666667], [-0.796875, 0.171875, 0.2], [-0.8125, 0.171875, 1.0]], "blue_army": [[0.0, -0.046875, 0.7333333333333333]]}, "cluster_id": 4, "children": {"1.0666666666666667": {"state": {"red_army": [[-0.8125, 0.171875, 0.4666666666666667], [-0.828125, 0.171875, 0.2], [-0.828125, 0.1875, 1.0]], "blue_army": [[0.0, -0.046875, 0.7333333333333333]]}, "cluster_id": 5, "children": {}}, "0.5333333333333333": {"state": {"red_army": [[-0.828125, 0.1875, 0.4666666666666667], [-0.84375, 0.1875, 0.2], [-0.84375, 0.1875, 1.0]], "blue_army": [[0.0, -0.046875, 0.7333333333333333]]}, "cluster_id": 6, "children": {"0.5333333333333333": {"state": {"red_army": [[-0.609375, 0.5, 0.2], [-0.625, 0.515625, 0.4666666666666667], [-0.625, 0.515625, 1.0]], "blue_army": [[0.0, -0.046875, 0.7333333333333333]]}, "cluster_id": 25, "children": {"0.5333333333333333": {"state": {"red_army": [[-0.640625, 0.53125, 0.2], [-0.65625, 0.53125, 0.4666666666666667], [-0.65625, 0.546875, 1.0]], "blue_army": [[0.0, -0.046875, 0.7333333333333333]]}, "cluster_id": 26, "children": {}}}}}}, "1.6": {"state": {"red_army": [[-0.828125, 0.1875, 0.4666666666666667], [-0.84375, 0.1875, 0.2], [-0.84375, 0.203125, 1.0]], "blue_army": [[0.0, -0.046875, 0.7333333333333333]]}, "cluster_id": 7, "children": {}}}}, "2.4000000000000004": {"state": {"red_army": [[-0.625, 0.46875, 0.2], [-0.609375, 0.4375, 0.06666666666666667], [-0.625, 0.453125, 1.0]], "blue_army": [[0.0, -0.046875, 1.0]]}, "cluster_id": 8, "children": {"1.8666666666666667": {"state": {"red_army": [[-0.734375, 0.546875, 0.2], [-0.734375, 0.546875, 0.06666666666666667], [-0.734375, 0.53125, 1.0]], "blue_army": [[0.0, -0.046875, 1.0]]}, "cluster_id": 10, "children": {}}}}, "0.8": {"state": {"red_army": [[-0.640625, 0.46875, 0.2], [-0.625, 0.453125, 0.06666666666666667], [-0.65625, 0.46875, 1.0]], "blue_army": [[0.0, -0.046875, 1.0]]}, "cluster_id": 9, "children": {"0.5333333333333334": {"state": {"red_army": [[-0.5625, 0.484375, 1.0], [-0.578125, 0.46875, 0.3333333333333333], [-0.5625, 0.453125, 0.2]], "blue_army": [[-0.015625, -0.03125, 0.7333333333333333]]}, "cluster_id": 22, "children": {}}}}, "2.8000000000000007": {"state": {"red_army": [[-0.703125, 0.46875, 1.0], [-0.703125, 0.453125, 0.4666666666666667], [-0.71875, 0.453125, 0.2]], "blue_army": [[0.0, -0.046875, 1.0]]}, "cluster_id": 11, "children": {"1.6": {"state": {"red_army": [[-0.796875, 0.53125, 1.0], [-0.78125, 0.53125, 0.4666666666666667], [-0.796875, 0.53125, 0.2]], "blue_army": [[0.0, -0.046875, 1.0]]}, "cluster_id": 12, "children": {"1.6": {"state": {"red_army": [[-0.828125, 0.34375, 0.6], [-0.84375, 0.359375, 0.3333333333333333], [-0.84375, 0.34375, 1.0]], "blue_army": [[0.0, -0.046875, 1.0]]}, "cluster_id": 32, "children": {}}}}}}, "2.2666666666666666": {"state": {"red_army": [[-0.828125, 0.5625, 1.0], [-0.828125, 0.546875, 0.4666666666666667], [-0.828125, 0.5625, 0.2]], "blue_army": [[0.0, -0.046875, 1.0]]}, "cluster_id": 13, "children": {}}, "1.3333333333333335": {"state": {"red_army": [[-0.640625, 0.4375, 0.3333333333333333], [-0.65625, 0.453125, 1.0], [-0.65625, 0.4375, 0.6]], "blue_army": [[0.0, -0.046875, 0.8666666666666667]]}, "cluster_id": 14, "children": {"1.3333333333333335": {"state": {"red_army": [[-0.65625, 0.453125, 0.3333333333333333], [-0.65625, 0.46875, 1.0], [-0.671875, 0.453125, 0.6]], "blue_army": [[0.0, -0.046875, 0.8666666666666667]]}, "cluster_id": 15, "children": {}}}}, "2.1333333333333337": {"state": {"red_army": [[-0.671875, 0.46875, 0.3333333333333333], [-0.671875, 0.484375, 1.0], [-0.6875, 0.484375, 0.6]], "blue_army": [[0.0, -0.046875, 0.8666666666666667]]}, "cluster_id": 16, "children": {"0.5333333333333333": {"state": {"red_army": [[-0.6875, 0.484375, 0.3333333333333333], [-0.6875, 0.5, 1.0], [-0.703125, 0.5, 0.6]], "blue_army": [[0.0, -0.046875, 0.8666666666666667]]}, "cluster_id": 17, "children": {"0.5333333333333333": {"state": {"red_army": [[-0.703125, 0.5, 0.3333333333333333], [-0.703125, 0.515625, 1.0], [-0.71875, 0.515625, 0.6]], "blue_army": [[0.0, -0.046875, 0.8666666666666667]]}, "cluster_id": 18, "children": {}}}}, "1.3333333333333335": {"state": {"red_army": [[-0.71875, 0.53125, 0.3333333333333333], [-0.71875, 0.53125, 1.0], [-0.734375, 0.53125, 0.6]], "blue_army": [[0.0, -0.046875, 0.8666666666666667]]}, "cluster_id": 19, "children": {"1.3333333333333335": {"state": {"red_army": [[-0.734375, 0.546875, 0.3333333333333333], [-0.734375, 0.546875, 1.0], [-0.75, 0.546875, 0.6]], "blue_army": [[0.0, -0.046875, 0.8666666666666667]]}, "cluster_id": 20, "children": {}}}}}}, "2.666666666666667": {"state": {"red_army": [[-0.765625, 0.578125, 0.3333333333333333], [-0.765625, 0.578125, 1.0], [-0.765625, 0.578125, 0.6]], "blue_army": [[0.0, -0.046875, 0.8666666666666667]]}, "cluster_id": 21, "children": {"0.5333333333333332": {"state": {"red_army": [[-0.609375, 0.484375, 0.6], [-0.59375, 0.484375, 1.0], [-0.578125, 0.46875, 0.7333333333333333]], "blue_army": [[0.0, -0.046875, 1.0]]}, "cluster_id": 28, "children": {"0.5333333333333334": {"state": {"red_army": [[-0.640625, 0.515625, 0.6], [-0.625, 0.515625, 1.0], [-0.609375, 0.5, 0.7333333333333333]], "blue_army": [[0.0, -0.046875, 1.0]]}, "cluster_id": 29, "children": {}}}}}}, "2.1333333333333333": {"state": {"red_army": [[-0.609375, 0.5, 1.0], [-0.609375, 0.5, 0.3333333333333333], [-0.59375, 0.484375, 0.2]], "blue_army": [[-0.015625, -0.03125, 0.7333333333333333]]}, "cluster_id": 23, "children": {}}, "2.0": {"state": {"red_army": [[-0.59375, 0.484375, 0.2], [-0.609375, 0.5, 0.4666666666666667], [-0.609375, 0.5, 1.0]], "blue_army": [[0.0, -0.046875, 0.7333333333333333]]}, "cluster_id": 24, "children": {}}, "1.4666666666666668": {"state": {"red_army": [[-0.640625, 0.515625, 0.4666666666666667], [-0.65625, 0.546875, 1.0], [-0.65625, 0.53125, 0.4666666666666667]], "blue_army": [[-0.015625, -0.03125, 1.0]]}, "cluster_id": 27, "children": {"1.3333333333333335": {"state": {"red_army": [[-0.8125, 0.34375, 0.6], [-0.828125, 0.34375, 0.3333333333333333], [-0.828125, 0.34375, 1.0]], "blue_army": [[0.0, -0.046875, 1.0]]}, "cluster_id": 31, "children": {}}, "1.0666666666666669": {"state": {"red_army": [[-0.765625, 0.375, 0.3333333333333333], [-0.796875, 0.390625, 0.6], [-0.78125, 0.390625, 1.0]], "blue_army": [[0.0, -0.046875, 1.0]]}, "cluster_id": 33, "children": {"1.3333333333333335": {"state": {"red_army": [[-0.828125, 0.421875, 0.3333333333333333], [-0.84375, 0.453125, 0.6], [-0.84375, 0.4375, 1.0]], "blue_army": [[0.0, -0.046875, 1.0]]}, "cluster_id": 34, "children": {}}}}}}, "0.5333333333333334": {"state": {"red_army": [[-0.734375, 0.40625, 0.06666666666666667], [-0.75, 0.421875, 1.0], [-0.734375, 0.40625, 0.4666666666666667]], "blue_army": [[-0.015625, -0.046875, 0.4666666666666667]]}, "cluster_id": 35, "children": {"1.8666666666666667": {"state": {"red_army": [[-0.75, 0.421875, 0.06666666666666667], [-0.765625, 0.4375, 1.0], [-0.75, 0.421875, 0.4666666666666667]],