{"state": {"red_army": [[-0.71875, 0.359375, 1.0]], "blue_army": [[0.0, -0.046875, 0.6]]}, "cluster_id": 1, "children": {"0.5333333333333333": {"state": {"red_army": [[-0.78125, -0.03125, 1.0]], "blue_army": [[0.0, -0.03125, 0.06666666666666667]]}, "cluster_id": 2, "children": {}}, "0.9333333333333333": {"state": {"red_army": [[-0.765625, 0.234375, 0.3333333333333333]], "blue_army": [[0.0, -0.046875, 0.3333333333333333]]}, "cluster_id": 3, "children": {}}}}