{"state": {"red_army": [[-0.6875, 0.328125, 0.6]], "blue_army": [[0.0, -0.046875, 0.7333333333333333], [-0.140625, -0.0625, 0.2]]}, "cluster_id": 1, "children": {}}