{"state": {"red_army": [[-0.78125, 0.09375, 1.0], [-0.78125, 0.09375, 0.2], [-0.765625, 0.09375, 0.06666666666666667]], "blue_army": [[0.0, -0.046875, 0.4666666666666667]]}, "cluster_id": 1, "children": {"0.6666666666666665": {"state": {"red_army": [[-0.84375, -0.046875, 1.0], [-0.828125, -0.046875, 0.3333333333333333], [-0.828125, -0.046875, 0.3333333333333333]], "blue_army": [[-0.015625, -0.03125, 0.7333333333333333]]}, "cluster_id": 2, "children": {}}, "2.8": {"state": {"red_army": [[-0.78125, 0.09375, 0.06666666666666667], [-0.765625, 0.078125, 0.6], [-0.78125, 0.09375, 1.0]], "blue_army": [[0.0, -0.046875, 1.0]]}, "cluster_id": 3, "children": {"1.8666666666666667": {"state": {"red_army": [[-0.8125, 0.09375, 0.06666666666666667], [-0.78125, 0.09375, 0.6], [-0.796875, 0.09375, 1.0]], "blue_army": [[0.0, -0.046875, 1.0]]}, "cluster_id": 4, "children": {}}, "1.0666666666666667": {"state": {"red_army": [[-0.84375, 0.109375, 0.06666666666666667], [-0.828125, 0.109375, 0.6], [-0.84375, 0.109375, 1.0]], "blue_army": [[0.0, -0.046875, 1.0]]}, "cluster_id": 5, "children": {}}}}}}