{"state": {"red_army": [], "blue_army": [[0.0, -0.046875, 0.8666666666666667], [-0.125, -0.0625, 0.3333333333333333], [-0.140625, -0.078125, 0.3333333333333333], [-0.09375, -0.046875, 0.06666666666666667]]}, "cluster_id": 1, "children": {"0.6666666666666667": {"state": {"red_army": [], "blue_army": [[-0.09375, -0.046875, 0.06666666666666667], [-0.109375, -0.078125, 0.2], [-0.125, -0.09375, 0.06666666666666667], [0.0, -0.046875, 0.6]]}, "cluster_id": 2, "children": {}}}}