{"state": {"red_army": [[-0.28125, 0.34375, 0.7333333333333333]], "blue_army": [[-0.234375, 0.234375, 0.3333333333333333], [0.0, -0.046875, 0.2]]}, "cluster_id": 1, "children": {"1.0666666666666667": {"state": {"red_army": [[-0.453125, 0.1875, 0.3333333333333333]], "blue_army": [[0.0, -0.046875, 0.06666666666666667], [-0.375, 0.109375, 0.8666666666666667]]}, "cluster_id": 2, "children": {}}, "0.6666666666666666": {"state": {"red_army": [[-0.03125, 0.359375, 0.7333333333333333]], "blue_army": [[0.0, -0.046875, 0.6], [-0.0625, 0.234375, 0.06666666666666667]]}, "cluster_id": 3, "children": {}}, "0.9333333333333331": {"state": {"red_army": [[-0.078125, 0.359375, 0.4666666666666667]], "blue_army": [[-0.078125, 0.265625, 0.2], [-0.078125, 0.234375, 0.7333333333333333]]}, "cluster_id": 4, "children": {}}, "1.0666666666666664": {"state": {"red_army": [[0.015625, 0.375, 0.2]], "blue_army": [[0.0, -0.046875, 0.4666666666666667], [-0.046875, 0.203125, 0.06666666666666667]]}, "cluster_id": 5, "children": {"0.7999999999999999": {"state": {"red_army": [[-0.515625, 0.484375, 0.3333333333333333]], "blue_army": [[-0.140625, -0.03125, 0.4666666666666667], [0.0, -0.046875, 0.7333333333333333]]}, "cluster_id": 8, "children": {}}}}, "0.7999999999999999": {"state": {"red_army": [[-0.21875, 0.234375, 0.3333333333333333]], "blue_army": [[-0.1875, 0.140625, 0.06666666666666667], [-0.171875, 0.140625, 0.3333333333333333]]}, "cluster_id": 6, "children": {}}, "0.9333333333333333": {"state": {"red_army": [[-0.203125, 0.28125, 0.06666666666666667]], "blue_army": [[-0.171875, 0.1875, 0.4666666666666667], [-0.1875, 0.1875, 0.3333333333333333]]}, "cluster_id": 7, "children": {"1.3333333333333333": {"state": {"red_army": [[-0.25, 0.234375, 1.0]], "blue_army": [[-0.1875, 0.15625, 0.6], [-0.203125, 0.15625, 0.06666666666666667]]}, "cluster_id": 9, "children": {}}}}, "0.9333333333333332": {"state": {"red_army": [[-0.09375, 0.359375, 1.0]], "blue_army": [[-0.09375, 0.25, 0.2], [0.0, -0.046875, 0.7333333333333333]]}, "cluster_id": 10, "children": {}}, "0.8": {"state": {"red_army": [[-0.171875, 0.359375, 0.8666666666666667]], "blue_army": [[0.0, -0.046875, 0.4666666666666667], [-0.15625, 0.25, 0.7333333333333333]]}, "cluster_id": 11, "children": {}}, "0.6666666666666667": {"state": {"red_army": [[0.015625, 0.34375, 1.0]], "blue_army": [[-0.03125, 0.21875, 0.06666666666666667], [0.0, -0.046875, 0.3333333333333333]]}, "cluster_id": 12, "children": {}}, "0.5333333333333332": {"state": {"red_army": [[0.0, 0.40625, 0.4666666666666667]], "blue_army": [[-0.0625, 0.1875, 0.2], [0.0, -0.046875, 0.3333333333333333]]}, "cluster_id": 13, "children": {"0.5333333333333332": {"state": {"red_army": [[-0.125, 0.359375, 0.6]], "blue_army": [[-0.109375, 0.25, 0.4666666666666667], [-0.125, 0.25, 0.2]]}, "cluster_id": 14, "children": {}}}}}}