{"state": {"red_army": [[-0.140625, 0.359375, 0.4666666666666667]], "blue_army": [[0.0, -0.046875, 0.7333333333333333], [-0.140625, 0.234375, 0.2], [-0.140625, 0.25, 0.06666666666666667]]}, "cluster_id": 1, "children": {"0.8": {"state": {"red_army": [[-0.125, 0.34375, 0.3333333333333333]], "blue_army": [[0.0, -0.046875, 0.4666666666666667], [-0.125, 0.25, 0.4666666666666667], [-0.125, 0.234375, 0.2]]}, "cluster_id": 2, "children": {"1.6": {"state": {"red_army": [[-0.140625, 0.359375, 0.7333333333333333]], "blue_army": [[-0.140625, 0.234375, 0.6], [-0.140625, 0.25, 0.06666666666666667], [0.0, -0.046875, 0.8666666666666667]]}, "cluster_id": 6, "children": {}}}}, "0.7999999999999998": {"state": {"red_army": [[-0.125, 0.390625, 0.3333333333333333]], "blue_army": [[0.0, -0.046875, 0.4666666666666667], [-0.125, 0.21875, 0.4666666666666667], [-0.125, 0.21875, 0.2]]}, "cluster_id": 3, "children": {"0.5333333333333333": {"state": {"red_army": [[-0.125, 0.34375, 0.7333333333333333]], "blue_army": [[-0.109375, 0.25, 0.3333333333333333], [-0.125, 0.25, 0.2], [0.0, -0.046875, 0.4666666666666667]]}, "cluster_id": 5, "children": {}}}}, "1.1999999999999997": {"state": {"red_army": [[-0.109375, 0.375, 0.3333333333333333]], "blue_army": [[-0.109375, 0.25, 0.3333333333333333], [-0.109375, 0.234375, 0.4666666666666667], [-0.015625, -0.03125, 0.2]]}, "cluster_id": 4, "children": {}}, "1.0666666666666669": {"state": {"red_army": [[-0.140625, 0.375, 0.7333333333333333]], "blue_army": [[-0.125, 0.25, 0.6], [-0.140625, 0.234375, 0.06666666666666667], [0.0, -0.046875, 0.8666666666666667]]}, "cluster_id": 7, "children": {}}, "0.5333333333333332": {"state": {"red_army": [[-0.140625, 0.34375, 0.7333333333333333]], "blue_army": [[-0.140625, 0.25, 0.06666666666666667], [0.0, -0.046875, 0.7333333333333333], [-0.140625, 0.25, 0.4666666666666667]]}, "cluster_id": 8, "children": {}}, "0.7999999999999999": {"state": {"red_army": [[-0.0625, 0.34375, 0.6]], "blue_army": [[-0.078125, 0.234375, 0.2], [-0.078125, 0.21875, 0.3333333333333333], [0.0, -0.046875, 0.3333333333333333]]}, "cluster_id": 9, "children": {}}, "0.5333333333333334": {"state": {"red_army": [[-0.09375, 0.34375, 0.3333333333333333]], "blue_army": [[-0.09375, 0.25, 0.06666666666666667], [-0.09375, 0.234375, 0.06666666666666667], [0.0, -0.046875, 1.0]]}, "cluster_id": 10, "children": {}}}}