{"state": {"red_army": [[-0.21875, 0.203125, 0.3333333333333333], [-0.21875, 0.203125, 0.06666666666666667]], "blue_army": [[-0.1875, 0.125, 0.2], [0.0, -0.046875, 0.8666666666666667]]}, "cluster_id": 1, "children": {"1.2000000000000002": {"state": {"red_army": [[-0.28125, 0.15625, 0.06666666666666667], [-0.3125, 0.15625, 0.6]], "blue_army": [[-0.21875, 0.09375, 0.2], [0.0, -0.046875, 0.4666666666666667]]}, "cluster_id": 2, "children": {"1.0666666666666667": {"state": {"red_army": [[-0.375, 0.21875, 0.06666666666666667], [-0.390625, 0.234375, 0.6]], "blue_army": [[-0.296875, 0.171875, 0.2], [0.0, -0.046875, 0.4666666666666667]]}, "cluster_id": 3, "children": {"1.0666666666666667": {"state": {"red_army": [[-0.390625, 0.234375, 0.06666666666666667], [-0.40625, 0.25, 0.6]], "blue_army": [[-0.3125, 0.171875, 0.2], [0.0, -0.046875, 0.4666666666666667]]}, "cluster_id": 4, "children": {"1.0666666666666667": {"state": {"red_army": [[-0.40625, 0.25, 0.06666666666666667], [-0.421875, 0.265625, 0.6]], "blue_army": [[-0.296875, 0.15625, 0.2], [0.0, -0.046875, 0.4666666666666667]]}, "cluster_id": 5, "children": {}}}}}}, "0.5333333333333333": {"state": {"red_army": [[-0.25, 0.203125, 0.7333333333333333], [-0.234375, 0.21875, 0.2]], "blue_army": [[-0.203125, 0.109375, 0.4666666666666667], [0.0, -0.046875, 0.4666666666666667]]}, "cluster_id": 23, "children": {}}, "1.3333333333333333": {"state": {"red_army": [[-0.25, 0.21875, 0.7333333333333333], [-0.25, 0.234375, 0.2]], "blue_army": [[-0.21875, 0.125, 0.4666666666666667], [0.0, -0.046875, 0.4666666666666667]]}, "cluster_id": 24, "children": {"1.0666666666666664": {"state": {"red_army": [[-0.28125, 0.3125, 0.7333333333333333], [-0.28125, 0.3125, 0.2]], "blue_army": [[-0.25, 0.21875, 0.4666666666666667], [0.0, -0.046875, 0.4666666666666667]]}, "cluster_id": 25, "children": {}}}}}}, "1.0666666666666669": {"state": {"red_army": [[-0.390625, 0.296875, 0.3333333333333333], [-0.390625, 0.296875, 0.6]], "blue_army": [[0.0, -0.046875, 0.4666666666666667], [-0.28125, 0.171875, 0.06666666666666667]]}, "cluster_id": 6, "children": {"1.3333333333333333": {"state": {"red_army": [[-0.140625, 0.234375, 0.6], [-0.15625, 0.234375, 0.3333333333333333]], "blue_army": [[-0.15625, 0.140625, 0.6], [0.0, -0.046875, 0.7333333333333333]]}, "cluster_id": 32, "children": {"0.5333333333333333": {"state": {"red_army": [[-0.109375, 0.40625, 0.6], [-0.109375, 0.40625, 0.3333333333333333]], "blue_army": [[-0.140625, 0.203125, 0.6], [0.0, -0.046875, 0.7333333333333333]]}, "cluster_id": 33, "children": {}}}}, "1.0666666666666669": {"state": {"red_army": [[-0.046875, 0.265625, 0.8666666666666667], [-0.0625, 0.265625, 0.06666666666666667]], "blue_army": [[-0.09375, 0.15625, 0.06666666666666667], [0.0, -0.03125, 0.4666666666666667]]}, "cluster_id": 43, "children": {}}}}, "0.5333333333333334": {"state": {"red_army": [[-0.140625, 0.234375, 0.4666666666666667], [-0.15625, 0.234375, 0.06666666666666667]], "blue_army": [[-0.015625, -0.046875, 0.4666666666666667], [-0.15625, 0.125, 0.2]]}, "cluster_id": 7, "children": {"0.8": {"state": {"red_army": [[-0.125, 0.390625, 0.4666666666666667], [-0.125, 0.375, 0.06666666666666667]], "blue_army": [[-0.015625, -0.046875, 0.4666666666666667], [-0.140625, 0.234375, 0.2]]}, "cluster_id": 8, "children": {}}, "1.0666666666666667": {"state": {"red_army": [[-0.21875, 0.3125, 0.6], [-0.21875, 0.328125, 0.06666666666666667]], "blue_army": [[0.0, -0.046875, 0.6], [-0.1875, 0.21875, 0.2]]}, "cluster_id": 9, "children": {}}}}, "0.9333333333333333": {"state": {"red_army": [[-0.265625, 0.21875, 0.7333333333333333], [-0.28125, 0.203125, 0.2]], "blue_army": [[-0.015625, -0.03125, 0.7333333333333333], [-0.234375, 0.09375, 0.4666666666666667]]}, "cluster_id": 10, "children": {"1.5999999999999999": {"state": {"red_army": [[-0.125, 0.296875, 0.3333333333333333], [-0.125, 0.296875, 0.7333333333333333]], "blue_army": [[-0.125, 0.1875, 0.06666666666666667], [-0.015625, -0.03125, 1.0]]}, "cluster_id": 34, "children": {}}, "0.8": {"state": {"red_army": [[-0.125, 0.484375, 0.3333333333333333], [-0.125, 0.484375, 0.7333333333333333]], "blue_army": [[-0.125, 0.140625, 0.06666666666666667], [-0.015625, -0.03125, 1.0]]}, "cluster_id": 35, "children": {}}}}, "1.3333333333333335": {"state": {"red_army": [[-0.171875, 0.25, 0.06666666666666667], [-0.171875, 0.25, 0.8666666666666667]], "blue_army": [[-0.015625, -0.03125, 0.7333333333333333], [-0.171875, 0.15625, 0.3333333333333333]]}, "cluster_id": 11, "children": {"1.866666666666667": {"state": {"red_army": [[-0.21875, 0.21875, 1.0], [-0.28125, 0.15625, 0.4666666666666667]], "blue_army": [[0.0, -0.03125, 1.0], [-0.1875, 0.140625, 0.06666666666666667]]}, "cluster_id": 12, "children": {}}, "0.5333333333333332": {"state": {"red_army": [[-0.0625, 0.25, 0.2], [-0.078125, 0.25, 1.0]], "blue_army": [[-0.109375, 0.15625, 0.2], [-0.015625, -0.046875, 0.6]]}, "cluster_id": 26, "children": {"1.6": {"state": {"red_army": [[-0.0625, 0.296875, 0.2], [-0.0625, 0.28125, 1.0]], "blue_army": [[-0.09375, 0.1875, 0.2], [-0.015625, -0.046875, 0.6]]}, "cluster_id": 27, "children": {}}}}}}, "1.4666666666666666": {"state": {"red_army": [[-0.28125, 0.15625, 0.3333333333333333], [-0.21875, 0.21875, 1.0]], "blue_army": [[-0.1875, 0.125, 0.6], [0.0, -0.046875, 1.0]]}, "cluster_id": 13, "children": {"0.8": {"state": {"red_army": [[-0.390625, 0.3125, 0.7333333333333333], [-0.375, 0.296875, 0.6]], "blue_army": [[0.0, -0.046875, 0.8666666666666667], [-0.28125, 0.171875, 0.7333333333333333]]}, "cluster_id": 44, "children": {}}}}, "0.9333333333333332": {"state": {"red_army": [[-0.28125, 0.15625, 0.3333333333333333], [-0.21875, 0.21875, 0.7333333333333333]], "blue_army": [[-0.1875, 0.140625, 0.3333333333333333], [0.0, -0.046875, 1.0]]}, "cluster_id": 14, "children": {}}, "0.6666666666666667": {"state": {"red_army": [[-0.28125, 0.15625, 0.3333333333333333], [-0.21875, 0.21875, 0.4666666666666667]], "blue_army": [[-0.1875, 0.140625, 0.06666666666666667], [0.0, -0.046875, 1.0]]}, "cluster_id": 15, "children": {}}, "0.8": {"state": {"red_army": [[-0.203125, 0.21875, 1.0], [-0.21875, 0.21875, 0.06666666666666667]], "blue_army": [[0.0, -0.046875, 0.8666666666666667], [-0.1875, 0.109375, 0.06666666666666667]]}, "cluster_id": 16, "children": {"1.8666666666666667": {"state": {"red_army": [[-0.234375, 0.375, 1.0], [-0.234375, 0.375, 0.06666666666666667]], "blue_army": [[0.0, -0.046875, 0.8666666666666667], [-0.203125, 0.21875, 0.06666666666666667]]}, "cluster_id": 17, "children": {}}}}, "1.3333333333333333": {"state": {"red_army": [[-0.21875, 0.21875, 0.06666666666666667], [-0.203125, 0.21875, 1.0]], "blue_army": [[-0.1875, 0.109375, 0.06666666666666667], [0.0, -0.046875, 0.8666666666666667]]}, "cluster_id": 18, "children": {"1.8666666666666667": {"state": {"red_army": [[-0.265625, 0.5, 0.06666666666666667], [-0.265625, 0.5, 1.0]], "blue_army": [[-0.15625, 0.09375, 0.06666666666666667], [0.0, -0.046875, 0.8666666666666667]]}, "cluster_id": 19, "children": {}}, "2.1333333333333333": {"state": {"red_army": [[-0.15625, 0.296875, 0.2], [-0.171875, 0.296875, 1.0]], "blue_army": [[-0.140625, 0.1875, 0.3333333333333333], [0.0, -0.03125, 1.0]]}, "cluster_id": 28, "children": {"1.6": {"state": {"red_army": [[-0.171875, 0.34375, 0.2], [-0.171875, 0.34375, 1.0]], "blue_army": [[-0.15625, 0.234375, 0.3333333333333333], [0.0, -0.03125, 1.0]]}, "cluster_id": 29, "children": {}}}}}}, "1.0666666666666667": {"state": {"red_army": [[-0.0625, 0.234375, 0.3333333333333333], [-0.046875, 0.234375, 1.0]], "blue_army": [[-0.09375, 0.125, 0.2], [0.0, -0.046875, 1.0]]}, "cluster_id": 20, "children": {"0.8": {"state": {"red_army": [[-0.21875, 0.234375, 0.4666666666666667], [-0.21875, 0.234375, 0.7333333333333333]], "blue_army": [[0.0, -0.03125, 0.8666666666666667], [-0.1875, 0.140625, 0.4666666666666667]]}, "cluster_id": 36, "children": {}}, "1.3333333333333333": {"state": {"red_army": [[-0.234375, 0.296875, 0.4666666666666667], [-0.25, 0.296875, 0.7333333333333333]],