{"state": {"red_army": [[0.484375, -0.0625, 0.06666666666666667], [0.0, 0.515625, 0.6]], "blue_army": [[-0.125, 0.03125, 0.4666666666666667]]}, "cluster_id": 1, "children": {}}