{"state": {"red_army": [[-0.046875, 0.5625, 0.06666666666666667], [-0.046875, 0.578125, 0.6]], "blue_army": [[-0.09375, -0.0625, 0.06666666666666667], [0.0, -0.046875, 1.0], [-0.125, -0.09375, 0.3333333333333333]]}, "cluster_id": 1, "children": {}}