{"state": {"red_army": [[-0.265625, 0.515625, 0.2], [-0.265625, 0.515625, 0.3333333333333333]], "blue_army": [[0.0, -0.046875, 0.6], [-0.140625, 0.078125, 0.06666666666666667], [-0.15625, 0.0625, 0.06666666666666667]]}, "cluster_id": 1, "children": {"0.5333333333333333": {"state": {"red_army": [[-0.125, 0.515625, 0.2], [-0.125, 0.515625, 0.3333333333333333]], "blue_army": [[-0.109375, 0.078125, 0.06666666666666667], [-0.125, 0.09375, 0.3333333333333333], [0.0, -0.046875, 0.3333333333333333]]}, "cluster_id": 2, "children": {}}, "1.0666666666666669": {"state": {"red_army": [[-0.0625, 0.5, 0.06666666666666667], [-0.0625, 0.515625, 0.6]], "blue_army": [[-0.09375, 0.125, 0.06666666666666667], [0.0, -0.046875, 1.0], [-0.125, 0.09375, 0.3333333333333333]]}, "cluster_id": 3, "children": {"1.0666666666666667": {"state": {"red_army": [[-0.0625, 0.53125, 0.06666666666666667], [-0.046875, 0.53125, 0.6]], "blue_army": [[-0.09375, 0.09375, 0.06666666666666667], [0.0, -0.046875, 1.0], [-0.125, 0.0625, 0.3333333333333333]]}, "cluster_id": 4, "children": {}}, "1.6": {"state": {"red_army": [[-0.171875, 0.546875, 0.06666666666666667], [-0.171875, 0.53125, 0.06666666666666667]], "blue_army": [[-0.125, 0.078125, 0.3333333333333333], [-0.140625, 0.078125, 0.2], [0.0, -0.046875, 0.3333333333333333]]}, "cluster_id": 5, "children": {}}}}}}