{"state": {"red_army": [], "blue_army": [[0.0, -0.046875, 0.7333333333333333], [-0.125, -0.078125, 0.2]]}, "cluster_id": 1, "children": {"0.6666666666666667": {"state": {"red_army": [], "blue_army": [[-0.09375, -0.09375, 0.6], [-0.015625, -0.046875, 1.0]]}, "cluster_id": 2, "children": {"0.5333333333333334": {"state": {"red_army": [], "blue_army": [[-0.015625, -0.046875, 0.7333333333333333], [-0.109375, -0.078125, 0.8666666666666667]]}, "cluster_id": 4, "children": {}}}}, "0.5333333333333332": {"state": {"red_army": [], "blue_army": [[0.0, -0.046875, 0.2], [-0.09375, -0.09375, 0.2]]}, "cluster_id": 3, "children": {"0.5333333333333333": {"state": {"red_army": [], "blue_army": [[0.0, -0.046875, 0.4666666666666667], [-0.09375, -0.09375, 0.4666666666666667]]}, "cluster_id": 5, "children": {}}}}, "1.0666666666666664": {"state": {"red_army": [], "blue_army": [[-0.140625, 0.109375, 0.2], [-0.15625, 0.09375, 0.7333333333333333]]}, "cluster_id": 6, "children": {}}, "1.0666666666666667": {"state": {"red_army": [], "blue_army": [[-0.03125, 0.046875, 0.06666666666666667], [-0.09375, 0.078125, 0.6]]}, "cluster_id": 7, "children": {}}}}