{"state": {"red_army": [[-0.359375, 0.125, 0.2], [-0.375, 0.125, 1.0], [-0.359375, 0.109375, 0.06666666666666667]], "blue_army": [[0.0, -0.046875, 0.4666666666666667]]}, "cluster_id": 1, "children": {"1.6": {"state": {"red_army": [[-0.375, 0.125, 0.2], [-0.375, 0.125, 1.0], [-0.34375, 0.09375, 0.06666666666666667]], "blue_army": [[0.0, -0.046875, 0.4666666666666667]]}, "cluster_id": 2, "children": {"1.6": {"state": {"red_army": [[-0.21875, 0.21875, 0.3333333333333333], [-0.21875, 0.203125, 1.0], [-0.203125, 0.1875, 0.06666666666666667]], "blue_army": [[0.0, -0.046875, 0.6]]}, "cluster_id": 25, "children": {"2.933333333333333": {"state": {"red_army": [[-0.421875, 0.046875, 0.06666666666666667], [-0.40625, 0.09375, 1.0], [-0.453125, 0.0, 1.0]], "blue_army": [[0.0, -0.046875, 1.0]]}, "cluster_id": 27, "children": {}}, "2.1333333333333333": {"state": {"red_army": [[-0.203125, 0.21875, 1.0], [-0.234375, 0.1875, 0.6], [-0.203125, 0.203125, 0.7333333333333333]], "blue_army": [[-0.015625, -0.046875, 1.0]]}, "cluster_id": 31, "children": {}}}}, "1.3333333333333335": {"state": {"red_army": [[-0.21875, 0.21875, 0.06666666666666667], [-0.234375, 0.21875, 1.0], [-0.21875, 0.21875, 1.0]], "blue_army": [[0.0, -0.046875, 1.0]]}, "cluster_id": 29, "children": {}}}}, "1.8666666666666667": {"state": {"red_army": [[-0.53125, 0.15625, 0.06666666666666667], [-0.515625, 0.171875, 0.06666666666666667], [-0.546875, 0.1875, 1.0]], "blue_army": [[-0.015625, -0.046875, 0.3333333333333333]]}, "cluster_id": 3, "children": {"1.8666666666666667": {"state": {"red_army": [[-0.21875, 0.203125, 0.3333333333333333], [-0.203125, 0.171875, 1.0], [-0.203125, 0.171875, 0.06666666666666667]], "blue_army": [[0.0, -0.046875, 0.6]]}, "cluster_id": 24, "children": {}}, "2.1333333333333333": {"state": {"red_army": [[-0.5, 0.15625, 1.0], [-0.484375, 0.125, 0.06666666666666667], [-0.515625, 0.125, 0.2]], "blue_army": [[-0.265625, 0.015625, 0.4666666666666667]]}, "cluster_id": 39, "children": {}}, "0.8": {"state": {"red_army": [[-0.28125, 0.265625, 1.0], [-0.3125, 0.25, 0.3333333333333333], [-0.28125, 0.234375, 0.2]], "blue_army": [[-0.015625, -0.03125, 0.7333333333333333]]}, "cluster_id": 40, "children": {}}, "2.1333333333333337": {"state": {"red_army": [[-0.203125, 0.1875, 0.6], [-0.203125, 0.171875, 0.2], [-0.21875, 0.171875, 1.0]], "blue_army": [[-0.015625, -0.03125, 1.0]]}, "cluster_id": 52, "children": {"1.6": {"state": {"red_army": [[-0.203125, 0.234375, 0.6], [-0.21875, 0.21875, 0.2], [-0.21875, 0.21875, 1.0]], "blue_army": [[-0.015625, -0.03125, 1.0]]}, "cluster_id": 53, "children": {}}}}}}, "0.6666666666666666": {"state": {"red_army": [[-0.453125, 0.046875, 0.4666666666666667], [-0.453125, 0.03125, 0.2], [-0.46875, 0.046875, 1.0]], "blue_army": [[0.0, -0.046875, 0.7333333333333333]]}, "cluster_id": 4, "children": {"1.6": {"state": {"red_army": [[-0.46875, 0.046875, 0.4666666666666667], [-0.46875, 0.046875, 0.2], [-0.484375, 0.046875, 1.0]], "blue_army": [[0.0, -0.046875, 0.7333333333333333]]}, "cluster_id": 5, "children": {"0.5333333333333333": {"state": {"red_army": [[-0.5, 0.0625, 0.4666666666666667], [-0.515625, 0.0625, 0.2], [-0.53125, 0.0625, 1.0]], "blue_army": [[0.0, -0.046875, 0.7333333333333333]]}, "cluster_id": 6, "children": {}}}}}}, "0.9333333333333333": {"state": {"red_army": [[-0.1875, 0.1875, 1.0], [-0.1875, 0.171875, 0.3333333333333333], [-0.21875, 0.171875, 0.06666666666666667]], "blue_army": [[-0.015625, -0.046875, 1.0]]}, "cluster_id": 7, "children": {"0.5333333333333333": {"state": {"red_army": [[-0.234375, 0.1875, 0.4666666666666667], [-0.171875, 0.171875, 0.2], [-0.203125, 0.203125, 1.0]], "blue_army": [[0.0, -0.046875, 1.0]]}, "cluster_id": 9, "children": {"1.6": {"state": {"red_army": [[-0.21875, 0.21875, 0.4666666666666667], [-0.21875, 0.21875, 0.2], [-0.21875, 0.234375, 1.0]], "blue_army": [[0.0, -0.046875, 1.0]]}, "cluster_id": 11, "children": {}}}}}}, "2.533333333333333": {"state": {"red_army": [[-0.203125, 0.21875, 1.0], [-0.203125, 0.203125, 0.3333333333333333], [-0.234375, 0.203125, 0.06666666666666667]], "blue_army": [[-0.015625, -0.046875, 1.0]]}, "cluster_id": 8, "children": {"0.8": {"state": {"red_army": [[-0.234375, 0.203125, 0.4666666666666667], [-0.234375, 0.203125, 1.0], [-0.171875, 0.140625, 0.7333333333333333]], "blue_army": [[0.0, -0.046875, 1.0]]}, "cluster_id": 32, "children": {}}, "1.8666666666666667": {"state": {"red_army": [[-0.21875, 0.203125, 0.3333333333333333], [-0.203125, 0.1875, 0.6], [-0.21875, 0.203125, 1.0]], "blue_army": [[0.0, -0.046875, 1.0]]}, "cluster_id": 35, "children": {}}}}, "2.0": {"state": {"red_army": [[-0.21875, 0.21875, 0.4666666666666667], [-0.203125, 0.203125, 0.2], [-0.21875, 0.21875, 1.0]], "blue_army": [[0.0, -0.046875, 1.0]]}, "cluster_id": 10, "children": {"1.6": {"state": {"red_army": [[-0.203125, 0.171875, 1.0], [-0.203125, 0.203125, 0.2], [-0.203125, 0.15625, 0.2]], "blue_army": [[0.0, -0.046875, 0.7333333333333333]]}, "cluster_id": 22, "children": {}}}}, "2.8": {"state": {"red_army": [[-0.234375, 0.1875, 1.0], [-0.171875, 0.171875, 0.6], [-0.203125, 0.203125, 0.06666666666666667]], "blue_army": [[0.0, -0.046875, 1.0]]}, "cluster_id": 12, "children": {}}, "1.2000000000000002": {"state": {"red_army": [[-0.21875, 0.21875, 1.0], [-0.203125, 0.203125, 0.6], [-0.21875, 0.21875, 0.06666666666666667]], "blue_army": [[0.0, -0.046875, 1.0]]}, "cluster_id": 13, "children": {"0.5333333333333333": {"state": {"red_army": [[-0.234375, 0.21875, 1.0], [-0.203125, 0.234375, 0.4666666666666667], [-0.203125, 0.203125, 0.4666666666666667]], "blue_army": [[0.0, -0.046875, 1.0]]}, "cluster_id": 30, "children": {}}}}, "1.7333333333333334": {"state": {"red_army": [[-0.21875, 0.21875, 1.0], [-0.21875, 0.21875, 0.6], [-0.203125, 0.21875, 0.06666666666666667]], "blue_army": [[0.0, -0.046875, 1.0]]}, "cluster_id": 14, "children": {"1.8666666666666667": {"state": {"red_army": [[-0.46875, 0.125, 0.2], [-0.46875, 0.125, 0.2], [-0.484375, 0.125, 1.0]], "blue_army": [[-0.296875, 0.046875, 0.4666666666666667]]}, "cluster_id": 37, "children": {}}, "2.1333333333333333": {"state": {"red_army": [[-0.390625, 0.328125, 0.2], [-0.40625, 0.328125, 0.4666666666666667], [-0.390625, 0.34375, 1.0]], "blue_army": [[0.0, -0.046875, 0.7333333333333333]]}, "cluster_id": 41, "children": {}}}}, "0.5333333333333333": {"state": {"red_army": [[-0.296875, 0.203125, 0.2], [-0.28125, 0.1875, 0.06666666666666667], [-0.3125, 0.1875, 1.0]], "blue_army": [[0.0, -0.046875, 1.0]]}, "cluster_id": 15, "children": {}}, "2.1333333333333333": {"state": {"red_army": [[-0.359375, 0.234375, 0.2], [-0.328125, 0.234375, 0.06666666666666667], [-0.359375, 0.234375, 1.0]], "blue_army": [[0.0, -0.046875, 1.0]]}, "cluster_id": 16, "children": {"1.8666666666666667": {"state": {"red_army": [[-0.234375, 0.21875, 1.0], [-0.234375, 0.21875, 0.2], [-0.1875, 0.171875, 0.2]], "blue_army": [[-0.015625, -0.046875, 0.8666666666666667]]}, "cluster_id": 18, "children": {}}, "1.6": {"state": {"red_army": [[-0.203125, 0.234375, 1.0], [-0.203125, 0.203125, 0.4666666666666667], [-0.234375, 0.21875, 0.6]], "blue_army": [[0.0, -0.03125, 1.0]]}, "cluster_id": 34, "children": {}}, "0.8": {"state": {"red_army": [[-0.421875, 0.125, 0.06666666666666667], [-0.4375, 0.125, 1.0], [-0.4375, 0.125, 0.4666666666666667]], "blue_army": [[-0.015625, -0.046875, 0.4666666666666667]]}, "cluster_id": 47, "children": {}}}}, "0.8": {"state": {"red_army": [[-0.21875, 0.203125, 0.3333333333333333], [-0.21875, 0.203125, 1.0], [-0.1875, 0.203125, 0.2]], "blue_army": [[0.0, -0.046875, 1.0]]}, "cluster_id": 17, "children": {}}, "0.5333333333333334": {"state": {"red_army": [[-0.25, 0.234375, 1.0], [-0.25, 0.234375, 0.2], [-0.171875, 0.15625, 0.2]], "blue_army": [[-0.015625, -0.046875, 0.8666666666666667]]}, "cluster_id": 19, "children": {"1.8666666666666667": {"state": {"red_army": [[-0.4375, 0.140625, 0.06666666666666667], [-0.453125, 0.140625, 1.0], [-0.453125, 0.140625, 0.4666666666666667]],