{"state": {"red_army": [[-0.140625, 0.5625, 0.4666666666666667]], "blue_army": [[0.0, -0.046875, 0.7333333333333333], [-0.109375, -0.015625, 0.2], [-0.140625, -0.03125, 0.06666666666666667]]}, "cluster_id": 1, "children": {"0.7999999999999998": {"state": {"red_army": [[-0.125, 0.609375, 0.3333333333333333]], "blue_army": [[0.0, -0.046875, 0.4666666666666667], [-0.109375, 0.0, 0.4666666666666667], [-0.125, 0.0, 0.2]]}, "cluster_id": 2, "children": {"0.5333333333333333": {"state": {"red_army": [[-0.125, 0.578125, 0.7333333333333333]], "blue_army": [[-0.109375, 0.0, 0.3333333333333333], [-0.125, 0.0, 0.2], [0.0, -0.046875, 0.4666666666666667]]}, "cluster_id": 5, "children": {}}}}, "1.333333333333333": {"state": {"red_army": [[-0.140625, 0.5625, 0.3333333333333333]], "blue_army": [[-0.015625, -0.03125, 0.2], [-0.140625, 0.0, 0.3333333333333333], [-0.109375, 0.0, 0.6]]}, "cluster_id": 3, "children": {}}, "1.2": {"state": {"red_army": [[-0.40625, 0.515625, 0.2]], "blue_army": [[0.0, -0.046875, 0.3333333333333333], [-0.140625, 0.0, 0.4666666666666667], [-0.1875, 0.015625, 0.3333333333333333]]}, "cluster_id": 4, "children": {}}, "0.8": {"state": {"red_army": [[-0.140625, 0.59375, 0.7333333333333333]], "blue_army": [[-0.109375, 0.0, 0.6], [-0.140625, -0.015625, 0.06666666666666667], [0.0, -0.046875, 0.8666666666666667]]}, "cluster_id": 6, "children": {}}, "0.5333333333333333": {"state": {"red_army": [[-0.125, 0.546875, 0.4666666666666667]], "blue_army": [[0.0, -0.046875, 0.3333333333333333], [-0.125, -0.03125, 0.2], [-0.109375, -0.015625, 0.2]]}, "cluster_id": 7, "children": {}}, "0.5333333333333334": {"state": {"red_army": [[-0.09375, 0.546875, 0.3333333333333333]], "blue_army": [[-0.125, -0.015625, 0.06666666666666667], [-0.09375, -0.015625, 0.06666666666666667], [0.0, -0.046875, 1.0]]}, "cluster_id": 8, "children": {}}}}