{"state": {"red_army": [[-0.484375, 0.171875, 0.06666666666666667], [-0.4375, 0.21875, 1.0], [-0.515625, 0.015625, 0.2]], "blue_army": [[-0.3125, 0.0, 0.8666666666666667]]}, "cluster_id": 1, "children": {"1.866666666666667": {"state": {"red_army": [[-0.5625, -0.03125, 1.0], [-0.5625, -0.03125, 0.06666666666666667], [-0.359375, 0.34375, 0.4666666666666667]], "blue_army": [[-0.25, -0.03125, 0.3333333333333333]]}, "cluster_id": 2, "children": {}}}}