{"state": {"red_army": [[-0.53125, 0.453125, 1.0], [-0.546875, 0.4375, 0.3333333333333333], [-0.515625, 0.4375, 0.2]], "blue_army": [[-0.015625, -0.03125, 0.7333333333333333]]}, "cluster_id": 1, "children": {"1.8666666666666667": {"state": {"red_army": [[-0.546875, 0.4375, 1.0], [-0.515625, 0.4375, 0.6], [-0.53125, 0.453125, 0.2]], "blue_army": [[0.0, -0.046875, 0.7333333333333333]]}, "cluster_id": 2, "children": {}}}}