{"state": {"red_army": [[-0.40625, 0.5625, 0.4666666666666667], [-0.390625, 0.5625, 0.7333333333333333]], "blue_army": [[-0.109375, -0.078125, 0.2], [-0.015625, -0.046875, 0.8666666666666667]]}, "cluster_id": 1, "children": {"0.6666666666666665": {"state": {"red_army": [[-0.375, 0.53125, 0.7333333333333333], [-0.359375, 0.53125, 0.4666666666666667]], "blue_army": [[-0.09375, -0.09375, 0.2], [0.0, -0.046875, 1.0]]}, "cluster_id": 2, "children": {}}, "1.7333333333333334": {"state": {"red_army": [[-0.34375, 0.59375, 0.06666666666666667], [-0.34375, 0.609375, 0.6]], "blue_army": [[0.0, -0.046875, 0.3333333333333333], [-0.09375, -0.09375, 0.6]]}, "cluster_id": 3, "children": {}}}}