{"state": {"red_army": [[-0.453125, 0.171875, 0.4666666666666667]], "blue_army": [[-0.359375, 0.09375, 0.4666666666666667]]}, "cluster_id": 1, "children": {"0.6666666666666666": {"state": {"red_army": [[-0.6875, 0.34375, 1.0]], "blue_army": [[0.0, -0.046875, 0.6]]}, "cluster_id": 2, "children": {"0.8": {"state": {"red_army": [[-0.6875, 0.359375, 0.7333333333333333]], "blue_army": [[0.0, -0.046875, 0.06666666666666667]]}, "cluster_id": 3, "children": {}}}}}}