{"state": {"red_army": [[-0.375, 0.078125, 0.06666666666666667], [-0.5625, 0.078125, 0.6]], "blue_army": []}, "cluster_id": 1, "children": {}}