{"state": {"red_army": [[-0.46875, -0.421875, 1.0], [-0.484375, -0.40625, 0.3333333333333333]], "blue_army": [[-0.140625, 0.015625, 0.7333333333333333]]}, "cluster_id": 1, "children": {}}