{"state": {"red_army": [[-0.578125, 0.203125, 0.06666666666666667], [-0.5625, 0.21875, 0.06666666666666667], [-0.59375, 0.234375, 1.0]], "blue_army": [[-0.015625, -0.046875, 0.3333333333333333]]}, "cluster_id": 1, "children": {"1.8666666666666667": {"state": {"red_army": [[-0.671875, 0.296875, 0.06666666666666667], [-0.671875, 0.296875, 0.06666666666666667], [-0.703125, 0.328125, 1.0]], "blue_army": [[-0.015625, -0.046875, 0.3333333333333333]]}, "cluster_id": 2, "children": {"1.8666666666666667": {"state": {"red_army": [[-0.703125, 0.328125, 0.06666666666666667], [-0.703125, 0.328125, 0.06666666666666667], [-0.734375, 0.359375, 1.0]], "blue_army": [[-0.015625, -0.046875, 0.3333333333333333]]}, "cluster_id": 3, "children": {"1.8666666666666667": {"state": {"red_army": [[-0.734375, 0.359375, 0.06666666666666667], [-0.734375, 0.359375, 0.06666666666666667], [-0.765625, 0.375, 1.0]], "blue_army": [[-0.015625, -0.046875, 0.3333333333333333]]}, "cluster_id": 4, "children": {"1.8666666666666667": {"state": {"red_army": [[-0.71875, 0.078125, 1.0], [-0.71875, 0.078125, 0.2], [-0.703125, 0.078125, 0.06666666666666667]], "blue_army": [[0.0, -0.046875, 0.4666666666666667]]}, "cluster_id": 5, "children": {}}}}}}}}, "0.9333333333333333": {"state": {"red_army": [[-0.59375, 0.09375, 0.4666666666666667], [-0.59375, 0.09375, 0.2], [-0.609375, 0.09375, 1.0]], "blue_army": [[0.0, -0.046875, 0.7333333333333333]]}, "cluster_id": 6, "children": {"1.6": {"state": {"red_army": [[-0.609375, 0.109375, 0.4666666666666667], [-0.609375, 0.09375, 0.2], [-0.625, 0.109375, 1.0]], "blue_army": [[0.0, -0.046875, 0.7333333333333333]]}, "cluster_id": 7, "children": {"1.6": {"state": {"red_army": [[-0.75, 0.15625, 0.4666666666666667], [-0.765625, 0.15625, 0.2], [-0.765625, 0.15625, 1.0]], "blue_army": [[0.0, -0.046875, 0.7333333333333333]]}, "cluster_id": 9, "children": {}}, "1.0666666666666667": {"state": {"red_army": [[-0.765625, 0.15625, 0.4666666666666667], [-0.78125, 0.15625, 0.2], [-0.796875, 0.171875, 1.0]], "blue_army": [[0.0, -0.046875, 0.7333333333333333]]}, "cluster_id": 10, "children": {"0.5333333333333333": {"state": {"red_army": [[-0.421875, 0.34375, 0.2], [-0.4375, 0.359375, 0.4666666666666667], [-0.421875, 0.375, 1.0]], "blue_army": [[0.0, -0.046875, 0.7333333333333333]]}, "cluster_id": 27, "children": {}}, "0.8": {"state": {"red_army": [[-0.421875, 0.34375, 0.6], [-0.40625, 0.359375, 1.0], [-0.40625, 0.328125, 0.06666666666666667]], "blue_army": [[-0.015625, -0.03125, 0.7333333333333333]]}, "cluster_id": 32, "children": {}}}}}}, "0.5333333333333333": {"state": {"red_army": [[-0.625, 0.109375, 0.4666666666666667], [-0.640625, 0.109375, 0.2], [-0.640625, 0.109375, 1.0]], "blue_army": [[0.0, -0.046875, 0.7333333333333333]]}, "cluster_id": 8, "children": {"0.5333333333333333": {"state": {"red_army": [[-0.4375, 0.359375, 0.2], [-0.453125, 0.375, 0.4666666666666667], [-0.453125, 0.390625, 1.0]], "blue_army": [[0.0, -0.046875, 0.7333333333333333]]}, "cluster_id": 28, "children": {"0.5333333333333333": {"state": {"red_army": [[-0.453125, 0.375, 0.2], [-0.46875, 0.390625, 0.4666666666666667], [-0.46875, 0.40625, 1.0]], "blue_army": [[0.0, -0.046875, 0.7333333333333333]]}, "cluster_id": 29, "children": {"0.5333333333333333": {"state": {"red_army": [[-0.46875, 0.390625, 0.2], [-0.484375, 0.390625, 0.4666666666666667], [-0.484375, 0.40625, 1.0]], "blue_army": [[0.0, -0.046875, 0.7333333333333333]]}, "cluster_id": 30, "children": {}}}}}}}}, "2.1333333333333333": {"state": {"red_army": [[-0.796875, 0.234375, 1.0], [-0.796875, 0.21875, 0.06666666666666667], [-0.796875, 0.234375, 0.3333333333333333]], "blue_army": [[-0.015625, -0.046875, 1.0]]}, "cluster_id": 22, "children": {}}}}, "0.8": {"state": {"red_army": [[-0.484375, 0.34375, 0.2], [-0.46875, 0.328125, 0.06666666666666667], [-0.5, 0.34375, 1.0]], "blue_army": [[0.0, -0.046875, 1.0]]}, "cluster_id": 11, "children": {"1.3333333333333333": {"state": {"red_army": [[-0.515625, 0.109375, 0.06666666666666667], [-0.53125, 0.109375, 0.6], [-0.53125, 0.125, 1.0]], "blue_army": [[-0.25, 0.015625, 0.06666666666666667]]}, "cluster_id": 46, "children": {"1.8666666666666667": {"state": {"red_army": [[-0.609375, 0.15625, 0.06666666666666667], [-0.625, 0.140625, 0.6], [-0.625, 0.15625, 1.0]], "blue_army": [[-0.140625, -0.015625, 0.06666666666666667]]}, "cluster_id": 49, "children": {}}}}}}, "2.4000000000000004": {"state": {"red_army": [[-0.546875, 0.390625, 0.2], [-0.515625, 0.375, 0.06666666666666667], [-0.546875, 0.390625, 1.0]], "blue_army": [[0.0, -0.046875, 1.0]]}, "cluster_id": 12, "children": {"1.8666666666666667": {"state": {"red_army": [[-0.609375, 0.171875, 0.2], [-0.5625, 0.234375, 1.0], [-0.578125, 0.1875, 0.2]], "blue_army": [[0.0, -0.046875, 0.8666666666666667]]}, "cluster_id": 13, "children": {"1.6": {"state": {"red_army": [[-0.640625, 0.265625, 1.0], [-0.59375, 0.3125, 0.3333333333333333], [-0.609375, 0.25, 0.3333333333333333]], "blue_army": [[0.0, -0.046875, 0.8666666666666667]]}, "cluster_id": 15, "children": {}}}}}}, "2.1333333333333333": {"state": {"red_army": [[-0.5625, 0.296875, 1.0], [-0.625, 0.1875, 0.3333333333333333], [-0.59375, 0.1875, 0.2]], "blue_army": [[0.0, -0.046875, 0.7333333333333333]]}, "cluster_id": 14, "children": {"0.5333333333333332": {"state": {"red_army": [[-0.546875, 0.1875, 1.0], [-0.546875, 0.15625, 0.06666666666666667], [-0.5625, 0.171875, 0.2]], "blue_army": [[-0.203125, 0.0, 0.4666666666666667]]}, "cluster_id": 25, "children": {}}, "2.1333333333333333": {"state": {"red_army": [[-0.703125, 0.109375, 1.0], [-0.71875, 0.109375, 0.06666666666666667], [-0.703125, 0.109375, 0.2]], "blue_army": [[-0.0625, -0.03125, 0.4666666666666667]]}, "cluster_id": 26, "children": {}}}}, "1.6": {"state": {"red_army": [[-0.5625, 0.078125, 0.06666666666666667], [-0.5625, 0.140625, 1.0], [-0.65625, 0.015625, 1.0]], "blue_army": [[0.0, -0.046875, 1.0]]}, "cluster_id": 16, "children": {"1.3333333333333335": {"state": {"red_army": [[-0.53125, 0.125, 0.06666666666666667], [-0.546875, 0.125, 0.6], [-0.546875, 0.140625, 1.0]], "blue_army": [[-0.21875, 0.015625, 0.06666666666666667]]}, "cluster_id": 47, "children": {}}, "2.4000000000000004": {"state": {"red_army": [[-0.5625, 0.125, 0.06666666666666667], [-0.5625, 0.125, 0.6], [-0.5625, 0.140625, 1.0]], "blue_army": [[-0.203125, 0.0, 0.06666666666666667]]}, "cluster_id": 48, "children": {}}, "1.8666666666666667": {"state": {"red_army": [[-0.578125, 0.28125, 0.06666666666666667], [-0.59375, 0.28125, 1.0], [-0.59375, 0.265625, 0.4666666666666667]], "blue_army": [[-0.015625, -0.046875, 0.4666666666666667]]}, "cluster_id": 52, "children": {}}, "2.933333333333333": {"state": {"red_army": [[-0.59375, 0.296875, 0.06666666666666667], [-0.609375, 0.296875, 1.0], [-0.609375, 0.28125, 0.4666666666666667]], "blue_army": [[-0.015625, -0.046875, 0.4666666666666667]]}, "cluster_id": 53, "children": {}}, "1.0666666666666667": {"state": {"red_army": [[-0.71875, 0.390625, 0.06666666666666667], [-0.71875, 0.40625, 1.0], [-0.71875, 0.390625, 0.4666666666666667]], "blue_army": [[-0.015625, -0.046875, 0.4666666666666667]]}, "cluster_id": 55, "children": {}}}}, "2.666666666666667": {"state": {"red_army": [[-0.515625, 0.125, 1.0], [-0.515625, 0.109375, 0.3333333333333333], [-0.53125, 0.125, 0.6]], "blue_army": [[-0.25, 0.015625, 0.8666666666666667]]}, "cluster_id": 17, "children": {"0.5333333333333332": {"state": {"red_army": [[-0.453125, 0.359375, 0.6], [-0.4375, 0.375, 1.0], [-0.421875, 0.34375, 0.7333333333333333]], "blue_army": [[0.0, -0.046875, 1.0]]}, "cluster_id": 39, "children": {}}}}, "2.1333333333333337": {"state": {"red_army": [[-0.546875, 0.125, 1.0], [-0.53125, 0.125, 0.3333333333333333], [-0.5625, 0.140625, 0.6]], "blue_army": [[-0.234375, 0.015625, 0.8666666666666667]]}, "cluster_id": 18, "children": {"1.3333333333333335": {"state": {"red_army": [[-0.5625, 0.140625, 1.0], [-0.546875, 0.125, 0.3333333333333333], [-0.578125, 0.140625, 0.6]],