{"state": {"red_army": [[-0.625, -0.03125, 1.0], [-0.609375, -0.03125, 0.06666666666666667], [-0.390625, 0.421875, 0.4666666666666667]], "blue_army": [[-0.15625, -0.03125, 0.3333333333333333]]}, "cluster_id": 1, "children": {}}