{"state": {"red_army": [[0.109375, 0.390625, 0.06666666666666667], [0.109375, 0.40625, 1.0]], "blue_army": [[-0.015625, 0.140625, 0.3333333333333333]]}, "cluster_id": 1, "children": {"1.8666666666666667": {"state": {"red_army": [[0.109375, 0.40625, 0.06666666666666667], [0.125, 0.421875, 1.0]], "blue_army": [[-0.03125, 0.125, 0.3333333333333333]]}, "cluster_id": 2, "children": {"1.8666666666666667": {"state": {"red_army": [[0.125, 0.421875, 0.06666666666666667], [0.140625, 0.4375, 1.0]], "blue_army": [[-0.03125, 0.109375, 0.3333333333333333]]}, "cluster_id": 3, "children": {"1.8666666666666667": {"state": {"red_army": [[0.1875, 0.546875, 0.06666666666666667], [0.1875, 0.546875, 1.0]], "blue_army": [[-0.09375, -0.015625, 0.3333333333333333]]}, "cluster_id": 4, "children": {}}}}}}}}