{"state": {"red_army": [[-0.703125, -0.1875, 1.0], [-0.6875, -0.1875, 0.06666666666666667]], "blue_army": [[-0.015625, -0.03125, 0.6]]}, "cluster_id": 1, "children": {"1.8666666666666667": {"state": {"red_army": [[-0.734375, -0.203125, 1.0], [-0.703125, -0.1875, 0.06666666666666667]], "blue_army": [[-0.015625, -0.03125, 0.6]]}, "cluster_id": 2, "children": {}}, "0.6666666666666667": {"state": {"red_army": [[-0.8125, -0.15625, 0.3333333333333333], [-0.828125, -0.15625, 1.0]], "blue_army": [[-0.015625, -0.03125, 1.0]]}, "cluster_id": 3, "children": {"1.3333333333333335": {"state": {"red_army": [[-0.828125, -0.15625, 0.3333333333333333], [-0.84375, -0.15625, 1.0]], "blue_army": [[-0.015625, -0.03125, 1.0]]}, "cluster_id": 5, "children": {}}}}, "2.0": {"state": {"red_army": [[-0.84375, -0.15625, 0.3333333333333333], [-0.84375, -0.15625, 1.0]], "blue_army": [[-0.015625, -0.03125, 1.0]]}, "cluster_id": 4, "children": {}}}}