{"state": {"red_army": [[-0.4375, 0.015625, 0.4666666666666667], [-0.375, 0.140625, 0.3333333333333333], [-0.375, 0.015625, 0.4666666666666667]], "blue_army": []}, "cluster_id": 1, "children": {}}