{"state": {"red_army": [[-0.453125, -0.375, 1.0], [-0.4375, -0.359375, 0.6]], "blue_army": [[-0.140625, 0.015625, 0.7333333333333333], [-0.375, -0.265625, 0.4666666666666667]]}, "cluster_id": 1, "children": {"0.8": {"state": {"red_army": [[-0.453125, -0.390625, 1.0], [-0.453125, -0.375, 0.6]], "blue_army": [[-0.140625, 0.015625, 0.7333333333333333], [-0.390625, -0.28125, 0.4666666666666667]]}, "cluster_id": 2, "children": {}}, "1.4666666666666668": {"state": {"red_army": [[-0.46875, -0.421875, 1.0], [-0.484375, -0.40625, 0.3333333333333333]], "blue_army": [[-0.140625, 0.015625, 0.7333333333333333], [-0.4375, -0.34375, 0.06666666666666667]]}, "cluster_id": 3, "children": {}}}}