{"state": {"red_army": [[-0.515625, 0.328125, 0.06666666666666667], [-0.53125, 0.34375, 0.6]], "blue_army": [[-0.21875, 0.0625, 0.2], [0.0, -0.046875, 0.4666666666666667]]}, "cluster_id": 1, "children": {"1.0666666666666667": {"state": {"red_army": [[-0.53125, 0.34375, 0.06666666666666667], [-0.546875, 0.359375, 0.6]], "blue_army": [[-0.203125, 0.046875, 0.2], [0.0, -0.046875, 0.4666666666666667]]}, "cluster_id": 2, "children": {"1.0666666666666667": {"state": {"red_army": [[-0.546875, 0.359375, 0.06666666666666667], [-0.5625, 0.375, 0.6]], "blue_army": [[-0.1875, 0.03125, 0.2], [0.0, -0.046875, 0.4666666666666667]]}, "cluster_id": 3, "children": {"1.0666666666666667": {"state": {"red_army": [[-0.5625, 0.375, 0.06666666666666667], [-0.5625, 0.375, 0.6]], "blue_army": [[-0.171875, 0.0, 0.2], [0.0, -0.046875, 0.4666666666666667]]}, "cluster_id": 4, "children": {}}}}}}, "0.5333333333333332": {"state": {"red_army": [[-0.328125, 0.5, 0.7333333333333333], [-0.34375, 0.484375, 0.06666666666666667]], "blue_army": [[-0.015625, -0.03125, 0.7333333333333333], [-0.171875, 0.046875, 0.3333333333333333]]}, "cluster_id": 5, "children": {}}, "1.3333333333333335": {"state": {"red_army": [[-0.34375, 0.484375, 0.6], [-0.359375, 0.484375, 0.8666666666666667]], "blue_army": [[-0.15625, 0.0625, 0.2], [-0.015625, -0.046875, 1.0]]}, "cluster_id": 6, "children": {"0.5333333333333334": {"state": {"red_army": [[-0.359375, 0.484375, 0.6], [-0.359375, 0.5, 0.8666666666666667]], "blue_army": [[-0.15625, 0.03125, 0.2], [-0.015625, -0.046875, 1.0]]}, "cluster_id": 7, "children": {}}}}, "1.2000000000000002": {"state": {"red_army": [[-0.40625, 0.46875, 0.7333333333333333], [-0.40625, 0.46875, 0.4666666666666667]], "blue_army": [[-0.171875, 0.0625, 0.06666666666666667], [-0.015625, -0.046875, 1.0]]}, "cluster_id": 8, "children": {"1.0666666666666664": {"state": {"red_army": [[-0.28125, 0.515625, 0.2], [-0.296875, 0.515625, 1.0]], "blue_army": [[-0.15625, 0.0625, 0.06666666666666667], [0.0, -0.046875, 1.0]]}, "cluster_id": 16, "children": {"1.6": {"state": {"red_army": [[-0.296875, 0.53125, 0.2], [-0.296875, 0.546875, 1.0]], "blue_army": [[-0.140625, 0.046875, 0.06666666666666667], [0.0, -0.046875, 1.0]]}, "cluster_id": 17, "children": {}}, "1.0666666666666669": {"state": {"red_army": [[-0.328125, 0.484375, 0.4666666666666667], [-0.34375, 0.484375, 0.7333333333333333]], "blue_army": [[0.0, -0.03125, 0.8666666666666667], [-0.15625, 0.046875, 0.4666666666666667]]}, "cluster_id": 18, "children": {}}}}}}, "1.3333333333333333": {"state": {"red_army": [[-0.359375, 0.484375, 0.7333333333333333], [-0.34375, 0.5, 0.2]], "blue_army": [[-0.171875, 0.046875, 0.4666666666666667], [0.0, -0.046875, 0.4666666666666667]]}, "cluster_id": 9, "children": {}}, "1.2": {"state": {"red_army": [[-0.375, 0.484375, 0.4666666666666667], [-0.359375, 0.484375, 0.7333333333333333]], "blue_army": [[-0.15625, 0.0625, 0.2], [-0.015625, -0.046875, 0.8666666666666667]]}, "cluster_id": 10, "children": {"1.0666666666666667": {"state": {"red_army": [[-0.5, 0.375, 1.0], [-0.484375, 0.359375, 0.4666666666666667]], "blue_army": [[-0.21875, 0.078125, 0.06666666666666667], [-0.015625, -0.03125, 0.7333333333333333]]}, "cluster_id": 19, "children": {"1.0666666666666667": {"state": {"red_army": [[-0.53125, 0.40625, 1.0], [-0.515625, 0.390625, 0.4666666666666667]], "blue_army": [[-0.203125, 0.046875, 0.06666666666666667], [-0.015625, -0.03125, 0.7333333333333333]]}, "cluster_id": 20, "children": {"1.0666666666666667": {"state": {"red_army": [[-0.5625, 0.4375, 1.0], [-0.546875, 0.421875, 0.4666666666666667]], "blue_army": [[-0.171875, 0.0, 0.06666666666666667], [-0.015625, -0.03125, 0.7333333333333333]]}, "cluster_id": 21, "children": {}}}}}}}}, "1.4666666666666666": {"state": {"red_army": [[-0.71875, 0.375, 0.7333333333333333], [-0.703125, 0.375, 0.06666666666666667]], "blue_army": [[0.0, -0.046875, 0.4666666666666667], [-0.125, -0.0625, 0.4666666666666667]]}, "cluster_id": 11, "children": {}}, "0.7999999999999998": {"state": {"red_army": [[-0.421875, 0.453125, 0.6], [-0.421875, 0.4375, 0.2]], "blue_army": [[0.0, -0.046875, 0.3333333333333333], [-0.171875, 0.046875, 0.7333333333333333]]}, "cluster_id": 12, "children": {"0.7999999999999999": {"state": {"red_army": [[-0.4375, 0.46875, 0.6], [-0.421875, 0.453125, 0.2]], "blue_army": [[0.0, -0.046875, 0.3333333333333333], [-0.15625, 0.03125, 0.7333333333333333]]}, "cluster_id": 13, "children": {}}}}, "1.8666666666666667": {"state": {"red_army": [[-0.421875, 0.453125, 0.06666666666666667], [-0.421875, 0.4375, 1.0]], "blue_army": [[-0.171875, 0.046875, 0.2], [0.0, -0.046875, 0.8666666666666667]]}, "cluster_id": 14, "children": {}}, "0.6666666666666665": {"state": {"red_army": [[-0.296875, 0.53125, 0.06666666666666667], [-0.296875, 0.546875, 0.7333333333333333]], "blue_army": [[-0.171875, 0.0625, 0.4666666666666667], [-0.015625, -0.03125, 0.7333333333333333]]}, "cluster_id": 15, "children": {}}}}