{"state": {"red_army": [[0.140625, 0.484375, 1.0], [-0.484375, 0.46875, 0.2]], "blue_army": [[-0.171875, 0.015625, 0.06666666666666667], [0.0, -0.046875, 0.8666666666666667]]}, "cluster_id": 1, "children": {}}