{"state": {"red_army": [[0.1875, 0.046875, 0.06666666666666667], [-0.09375, 0.25, 0.6]], "blue_army": [[-0.109375, 0.171875, 0.4666666666666667]]}, "cluster_id": 1, "children": {"1.6": {"state": {"red_army": [[0.03125, 0.25, 0.06666666666666667], [0.046875, 0.265625, 1.0]], "blue_army": [[-0.015625, 0.15625, 0.3333333333333333]]}, "cluster_id": 2, "children": {"1.8666666666666667": {"state": {"red_army": [[0.046875, 0.265625, 0.06666666666666667], [0.0625, 0.28125, 1.0]], "blue_army": [[0.0, 0.171875, 0.3333333333333333]]}, "cluster_id": 3, "children": {}}}}, "0.5333333333333334": {"state": {"red_army": [[0.0625, 0.28125, 0.06666666666666667], [0.0625, 0.3125, 1.0]], "blue_army": [[0.015625, 0.1875, 0.3333333333333333]]}, "cluster_id": 4, "children": {}}}}