{
    "state": {
        "red_army": [],
        "blue_army": [
            [
                -0.03125,
                0.046875,
                0.6
            ],
            [
                -0.125,
                0.09375,
                0.6
            ]
        ]
    },
    "cluster_id": 1,
    "children": {
        "0.8": {
            "state": {
                "red_army": [],
                "blue_army": [
                    [
                        0.0,
                        -0.046875,
                        0.8666666666666667
                    ],
                    [
                        -0.125,
                        -0.09375,
                        0.06666666666666667
                    ]
                ]
            },
            "cluster_id": 2,
            "children": {}
        }
    }
}