{
    "state": {
        "red_army": [
            [
                -0.125,
                0.015625,
                1.0
            ],
            [
                -0.125,
                0.03125,
                0.6
            ]
        ],
        "blue_army": [
            [
                -0.015625,
                0.046875,
                0.8666666666666667
            ],
            [
                -0.09375,
                0.046875,
                0.2
            ],
            [
                -0.125,
                0.09375,
                0.8666666666666667
            ],
            [
                -0.09375,
                0.09375,
                0.2
            ]
        ]
    },
    "cluster_id": 1,
    "children": {
        "1.0666666666666669": {
            "state": {
                "red_army": [
                    [
                        -0.171875,
                        -0.015625,
                        1.0
                    ],
                    [
                        -0.15625,
                        0.0,
                        1.0
                    ]
                ],
                "blue_army": [
                    [
                        -0.015625,
                        -0.046875,
                        0.8666666666666667
                    ],
                    [
                        -0.09375,
                        -0.078125,
                        0.4666666666666667
                    ],
                    [
                        -0.125,
                        -0.078125,
                        0.6
                    ],
                    [
                        -0.09375,
                        -0.046875,
                        0.06666666666666667
                    ]
                ]
            },
            "cluster_id": 2,
            "children": {}
        },
        "2.1333333333333337": {
            "state": {
                "red_army": [
                    [
                        -0.046875,
                        -0.046875,
                        0.2
                    ],
                    [
                        -0.125,
                        -0.015625,
                        0.7333333333333333
                    ]
                ],
                "blue_army": [
                    [
                        0.0,
                        -0.046875,
                        0.4666666666666667
                    ],
                    [
                        -0.09375,
                        -0.09375,
                        0.4666666666666667
                    ],
                    [
                        -0.125,
                        -0.09375,
                        0.2
                    ],
                    [
                        -0.09375,
                        -0.046875,
                        0.06666666666666667
                    ]
                ]
            },
            "cluster_id": 3,
            "children": {}
        }
    }
}