{
    "state": {
        "red_army": [
            [
                -0.09375,
                0.046875,
                0.8666666666666667
            ]
        ],
        "blue_army": [
            [
                -0.015625,
                0.046875,
                0.8666666666666667
            ],
            [
                -0.125,
                0.09375,
                0.4666666666666667
            ],
            [
                -0.09375,
                0.09375,
                0.2
            ]
        ]
    },
    "cluster_id": 1,
    "children": {
        "0.6666666666666667": {
            "state": {
                "red_army": [
                    [
                        -0.09375,
                        0.0625,
                        0.3333333333333333
                    ]
                ],
                "blue_army": [
                    [
                        -0.015625,
                        0.046875,
                        0.8666666666666667
                    ],
                    [
                        -0.125,
                        0.09375,
                        0.4666666666666667
                    ],
                    [
                        -0.09375,
                        0.09375,
                        0.06666666666666667
                    ]
                ]
            },
            "cluster_id": 2,
            "children": {}
        }
    }
}