{
    "state": {
        "red_army": [
            [
                -0.109375,
                0.03125,
                1.0
            ],
            [
                -0.125,
                0.046875,
                0.6
            ]
        ],
        "blue_army": [
            [
                0.0,
                0.046875,
                0.8666666666666667
            ],
            [
                -0.125,
                0.09375,
                0.7333333333333333
            ],
            [
                -0.09375,
                0.09375,
                0.4666666666666667
            ]
        ]
    },
    "cluster_id": 1,
    "children": {
        "0.7999999999999998": {
            "state": {
                "red_army": [
                    [
                        -0.09375,
                        0.046875,
                        0.8666666666666667
                    ],
                    [
                        -0.125,
                        0.046875,
                        0.2
                    ]
                ],
                "blue_army": [
                    [
                        -0.015625,
                        0.046875,
                        0.8666666666666667
                    ],
                    [
                        -0.125,
                        0.09375,
                        0.6
                    ],
                    [
                        -0.09375,
                        0.09375,
                        0.3333333333333333
                    ]
                ]
            },
            "cluster_id": 2,
            "children": {}
        }
    }
}