{
    "state": {
        "red_army": [
            [
                -0.109375,
                0.03125,
                1.0
            ],
            [
                -0.046875,
                0.0625,
                0.6
            ],
            [
                -0.140625,
                0.046875,
                1.0
            ]
        ],
        "blue_army": [
            [
                0.0,
                0.046875,
                0.8666666666666667
            ],
            [
                -0.125,
                0.09375,
                1.0
            ],
            [
                -0.09375,
                0.09375,
                1.0
            ]
        ]
    },
    "cluster_id": 1,
    "children": {
        "0.8": {
            "state": {
                "red_army": [
                    [
                        -0.109375,
                        0.03125,
                        1.0
                    ],
                    [
                        -0.046875,
                        0.0625,
                        0.3333333333333333
                    ],
                    [
                        -0.140625,
                        0.046875,
                        0.8666666666666667
                    ]
                ],
                "blue_army": [
                    [
                        0.0,
                        0.046875,
                        0.8666666666666667
                    ],
                    [
                        -0.125,
                        0.09375,
                        1.0
                    ],
                    [
                        -0.09375,
                        0.09375,
                        0.6
                    ]
                ]
            },
            "cluster_id": 2,
            "children": {}
        },
        "1.6": {
            "state": {
                "red_army": [
                    [
                        -0.109375,
                        0.015625,
                        1.0
                    ],
                    [
                        -0.0625,
                        0.0625,
                        0.06666666666666667
                    ],
                    [
                        -0.140625,
                        0.03125,
                        0.7333333333333333
                    ]
                ],
                "blue_army": [
                    [
                        0.0,
                        0.046875,
                        0.8666666666666667
                    ],
                    [
                        -0.125,
                        0.09375,
                        0.7333333333333333
                    ],
                    [
                        -0.09375,
                        0.09375,
                        0.4666666666666667
                    ]
                ]
            },
            "cluster_id": 3,
            "children": {}
        }
    }
}