{
    "state": {
        "red_army": [
            [
                -0.125,
                0.015625,
                1.0
            ],
            [
                -0.03125,
                0.046875,
                1.0
            ],
            [
                -0.15625,
                0.046875,
                1.0
            ],
            [
                -0.125,
                0.046875,
                1.0
            ]
        ],
        "blue_army": [
            [
                0.0,
                0.046875,
                1.0
            ],
            [
                -0.09375,
                0.046875,
                1.0
            ],
            [
                -0.125,
                0.09375,
                1.0
            ],
            [
                -0.09375,
                0.09375,
                1.0
            ]
        ]
    },
    "cluster_id": 1,
    "children": {
        "2.0625": {
            "state": {
                "red_army": [
                    [
                        -0.140625,
                        0.015625,
                        1.0
                    ],
                    [
                        -0.078125,
                        0.046875,
                        0.6
                    ],
                    [
                        -0.15625,
                        0.046875,
                        1.0
                    ]
                ],
                "blue_army": [
                    [
                        0.0,
                        0.046875,
                        1.0
                    ],
                    [
                        -0.125,
                        0.09375,
                        0.8666666666666667
                    ],
                    [
                        -0.09375,
                        0.09375,
                        1.0
                    ]
                ]
            },
            "cluster_id": 2,
            "children": {}
        },
        "4.015625": {
            "state": {
                "red_army": [
                    [
                        -0.140625,
                        0.015625,
                        1.0
                    ],
                    [
                        -0.15625,
                        0.046875,
                        0.4666666666666667
                    ]
                ],
                "blue_army": [
                    [
                        0.0,
                        0.046875,
                        1.0
                    ],
                    [
                        -0.09375,
                        0.09375,
                        0.8666666666666667
                    ]
                ]
            },
            "cluster_id": 3,
            "children": {}
        },
        "5.11570184917637": {
            "state": {
                "red_army": [
                    [
                        -0.1875,
                        0.015625,
                        0.3333333333333333
                    ]
                ],
                "blue_army": [
                    [
                        -0.046875,
                        0.03125,
                        1.0
                    ],
                    [
                        -0.109375,
                        0.078125,
                        0.06666666666666667
                    ]
                ]
            },
            "cluster_id": 4,
            "children": {}
        },
        "6.057035649060514": {
            "state": {
                "red_army": [
                    [
                        -0.1875,
                        0.03125,
                        0.3333333333333333
                    ]
                ],
                "blue_army": [
                    [
                        -0.078125,
                        0.03125,
                        1.0
                    ]
                ]
            },
            "cluster_id": 5,
            "children": {}
        },
        "7.02209708691208": {
            "state": {
                "red_army": [],
                "blue_army": [
                    [
                        -0.078125,
                        0.03125,
                        0.7333333333333333
                    ]
                ]
            },
            "cluster_id": 6,
            "children": {}
        },
        "3.4712855884401312": {
            "state": {
                "red_army": [
                    [
                        -0.125,
                        0.0,
                        1.0
                    ],
                    [
                        -0.109375,
                        0.0,
                        0.3333333333333333
                    ]
                ],
                "blue_army": [
                    [
                        -0.09375,
                        -0.09375,
                        0.8666666666666667
                    ],
                    [
                        -0.125,
                        -0.078125,
                        0.8666666666666667
                    ],
                    [
                        0.0,
                        -0.046875,
                        0.8666666666666667
                    ]
                ]
            },
            "cluster_id": 7,
            "children": {}
        },
        "4.393144957217052": {
            "state": {
                "red_army": [
                    [
                        -0.125,
                        0.03125,
                        1.0
                    ]
                ],
                "blue_army": [
                    [
                        -0.109375,
                        -0.078125,
                        0.8666666666666667
                    ],
                    [
                        -0.125,
                        -0.078125,
                        0.8666666666666667
                    ],
                    [
                        -0.015625,
                        -0.03125,
                        0.8666666666666667
                    ]
                ]
            },
            "cluster_id": 8,
            "children": {}
        },
        "5.360485434560398": {
            "state": {
                "red_army": [],
                "blue_army": [
                    [
                        -0.109375,
                        -0.0625,
                        0.8666666666666667
                    ],
                    [
                        -0.125,
                        -0.0625,
                        0.4666666666666667
                    ],
                    [
                        0.0,
                        -0.046875,
                        0.8666666666666667
                    ]
                ]
            },
            "cluster_id": 9,
            "children": {}
        },
        "1.7263153800113638": {
            "state": {
                "red_army": [
                    [
                        -0.140625,
                        -0.03125,
                        1.0
                    ],
                    [
                        -0.0625,
                        -0.03125,
                        0.7333333333333333
                    ],
                    [
                        -0.125,
                        -0.046875,
                        0.2
                    ],
                    [
                        -0.125,
                        -0.03125,
                        1.0
                    ]
                ],