{
    "state": {
        "red_army": [
            [
                -0.078125,
                0.0,
                0.06666666666666667
            ]
        ],
        "blue_army": []
    },
    "cluster_id": 1,
    "children": {}
}