{
    "state": {
        "red_army": [],
        "blue_army": [
            [
                -0.125,
                -0.09375,
                0.2
            ],
            [
                -0.015625,
                -0.03125,
                0.7333333333333333
            ]
        ]
    },
    "cluster_id": 1,
    "children": {
        "0.9333333333333331": {
            "state": {
                "red_army": [],
                "blue_army": [
                    [
                        -0.125,
                        -0.09375,
                        0.6
                    ],
                    [
                        0.0,
                        -0.046875,
                        0.2
                    ]
                ]
            },
            "cluster_id": 2,
            "children": {}
        }
    }
}