{
    "state": {
        "red_army": [
            [
                -0.09375,
                -0.015625,
                0.06666666666666667
            ],
            [
                -0.09375,
                0.0,
                0.4666666666666667
            ]
        ],
        "blue_army": []
    },
    "cluster_id": 1,
    "children": {
        "0.8": {
            "state": {
                "red_army": [
                    [
                        -0.125,
                        0.0,
                        0.4666666666666667
                    ],
                    [
                        -0.109375,
                        0.015625,
                        0.06666666666666667
                    ]
                ],
                "blue_army": []
            },
            "cluster_id": 2,
            "children": {
                "0.8": {
                    "state": {
                        "red_army": [
                            [
                                -0.171875,
                                0.125,
                                0.4666666666666667
                            ],
                            [
                                -0.171875,
                                0.125,
                                0.06666666666666667
                            ]
                        ],
                        "blue_army": []
                    },
                    "cluster_id": 3,
                    "children": {}
                }
            }
        }
    }
}