{
    "state": {
        "red_army": [],
        "blue_army": [
            [
                -0.109375,
                -0.0625,
                0.8666666666666667
            ],
            [
                -0.125,
                -0.0625,
                0.4666666666666667
            ],
            [
                0.0,
                -0.046875,
                0.8666666666666667
            ]
        ]
    },
    "cluster_id": 1,
    "children": {
        "0.5333333333333333": {
            "state": {
                "red_army": [],
                "blue_army": [
                    [
                        -0.125,
                        -0.078125,
                        0.6
                    ],
                    [
                        -0.09375,
                        -0.09375,
                        0.4666666666666667
                    ],
                    [
                        -0.015625,
                        -0.03125,
                        0.8666666666666667
                    ]
                ]
            },
            "cluster_id": 2,
            "children": {}
        }
    }
}