{
    "state": {
        "red_army": [],
        "blue_army": [
            [
                -0.078125,
                0.03125,
                0.7333333333333333
            ]
        ]
    },
    "cluster_id": 1,
    "children": {
        "0.5333333333333332": {
            "state": {
                "red_army": [],
                "blue_army": [
                    [
                        -0.015625,
                        -0.03125,
                        0.2
                    ]
                ]
            },
            "cluster_id": 2,
            "children": {}
        }
    }
}