{
    "state": {
        "red_army": [
            [
                -0.1875,
                0.03125,
                0.3333333333333333
            ]
        ],
        "blue_army": [
            [
                -0.078125,
                0.03125,
                1.0
            ]
        ]
    },
    "cluster_id": 1,
    "children": {
        "0.5333333333333334": {
            "state": {
                "red_army": [
                    [
                        -0.171875,
                        0.03125,
                        0.06666666666666667
                    ]
                ],
                "blue_army": [
                    [
                        -0.078125,
                        0.03125,
                        0.7333333333333333
                    ]
                ]
            },
            "cluster_id": 2,
            "children": {}
        },
        "0.8": {
            "state": {
                "red_army": [
                    [
                        -0.171875,
                        0.046875,
                        0.7333333333333333
                    ]
                ],
                "blue_army": [
                    [
                        0.0,
                        -0.03125,
                        0.6
                    ]
                ]
            },
            "cluster_id": 3,
            "children": {
                "0.5333333333333332": {
                    "state": {
                        "red_army": [
                            [
                                -0.078125,
                                0.0,
                                0.4666666666666667
                            ]
                        ],
                        "blue_army": [
                            [
                                -0.015625,
                                -0.03125,
                                0.3333333333333333
                            ]
                        ]
                    },
                    "cluster_id": 4,
                    "children": {}
                }
            }
        },
        "1.0666666666666667": {
            "state": {
                "red_army": [
                    [
                        -0.078125,
                        0.0,
                        0.2
                    ]
                ],
                "blue_army": [
                    [
                        -0.015625,
                        -0.03125,
                        0.06666666666666667
                    ]
                ]
            },
            "cluster_id": 5,
            "children": {}
        }
    }
}