{
    "state": {
        "red_army": [
            [
                -0.171875,
                0.03125,
                0.2
            ]
        ],
        "blue_army": []
    },
    "cluster_id": 1,
    "children": {
        "0.6666666666666667": {
            "state": {
                "red_army": [
                    [
                        -0.171875,
                        0.03125,
                        0.8666666666666667
                    ]
                ],
                "blue_army": []
            },
            "cluster_id": 2,
            "children": {}
        }
    }
}