{
    "state": {
        "red_army": [
            [
                -0.453125,
                0.046875,
                1.0
            ],
            [
                -0.453125,
                0.046875,
                0.4666666666666667
            ]
        ],
        "blue_army": [
            [
                -0.328125,
                0.03125,
                0.6
            ],
            [
                -0.34375,
                0.046875,
                0.6
            ]
        ]
    },
    "cluster_id": 1,
    "children": {
        "0.5333333333333333": {
            "state": {
                "red_army": [
                    [
                        -0.4375,
                        0.046875,
                        1.0
                    ],
                    [
                        -0.4375,
                        0.046875,
                        0.2
                    ]
                ],
                "blue_army": [
                    [
                        -0.34375,
                        0.03125,
                        0.6
                    ],
                    [
                        -0.34375,
                        0.046875,
                        0.3333333333333333
                    ]
                ]
            },
            "cluster_id": 2,
            "children": {}
        },
        "1.6": {
            "state": {
                "red_army": [
                    [
                        -0.4375,
                        0.03125,
                        0.6
                    ],
                    [
                        -0.4375,
                        0.015625,
                        0.06666666666666667
                    ]
                ],
                "blue_army": [
                    [
                        -0.328125,
                        0.015625,
                        0.2
                    ],
                    [
                        -0.328125,
                        0.03125,
                        0.2
                    ]
                ]
            },
            "cluster_id": 3,
            "children": {}
        },
        "2.1333333333333337": {
            "state": {
                "red_army": [
                    [
                        -0.421875,
                        0.03125,
                        0.3333333333333333
                    ],
                    [
                        -0.421875,
                        0.015625,
                        0.06666666666666667
                    ]
                ],
                "blue_army": [
                    [
                        -0.34375,
                        0.015625,
                        0.06666666666666667
                    ],
                    [
                        -0.34375,
                        0.03125,
                        0.06666666666666667
                    ]
                ]
            },
            "cluster_id": 4,
            "children": {}
        }
    }
}