{
    "state": {
        "red_army": [],
        "blue_army": [
            [
                -0.1875,
                0.0625,
                0.06666666666666667
            ],
            [
                -0.1875,
                -0.015625,
                0.06666666666666667
            ],
            [
                -0.09375,
                0.0625,
                0.2
            ]
        ]
    },
    "cluster_id": 1,
    "children": {
        "0.6666666666666667": {
            "state": {
                "red_army": [],
                "blue_army": [
                    [
                        -0.171875,
                        0.046875,
                        0.3333333333333333
                    ],
                    [
                        -0.1875,
                        -0.03125,
                        0.4666666666666667
                    ],
                    [
                        -0.109375,
                        0.0625,
                        0.2
                    ]
                ]
            },
            "cluster_id": 2,
            "children": {
                "0.8": {
                    "state": {
                        "red_army": [],
                        "blue_army": [
                            [
                                -0.125,
                                0.0,
                                0.6
                            ],
                            [
                                -0.1875,
                                -0.015625,
                                0.06666666666666667
                            ],
                            [
                                -0.09375,
                                0.0625,
                                0.06666666666666667
                            ]
                        ]
                    },
                    "cluster_id": 3,
                    "children": {
                        "0.5333333333333333": {
                            "state": {
                                "red_army": [],
                                "blue_army": [
                                    [
                                        -0.109375,
                                        -0.015625,
                                        0.4666666666666667
                                    ],
                                    [
                                        -0.1875,
                                        -0.03125,
                                        0.06666666666666667
                                    ],
                                    [
                                        -0.109375,
                                        0.0625,
                                        0.4666666666666667
                                    ]
                                ]
                            },
                            "cluster_id": 4,
                            "children": {}
                        }
                    }
                }
            }
        },
        "1.3333333333333333": {
            "state": {
                "red_army": [],
                "blue_army": [
                    [
                        -0.1875,
                        0.0625,
                        0.6
                    ],
                    [
                        -0.1875,
                        -0.03125,
                        0.7333333333333333
                    ],
                    [
                        -0.09375,
                        0.0625,
                        0.3333333333333333
                    ]
                ]
            },
            "cluster_id": 5,
            "children": {}
        },
        "1.0666666666666664": {
            "state": {
                "red_army": [],
                "blue_army": [
                    [
                        -0.1875,
                        0.0625,
                        0.6
                    ],
                    [
                        -0.09375,
                        -0.03125,
                        0.06666666666666667
                    ],
                    [
                        -0.09375,
                        0.0625,
                        0.7333333333333333
                    ]
                ]
            },
            "cluster_id": 6,
            "children": {}
        }
    }
}