{
    "state": {
        "red_army": [
            [
                -0.125,
                0.0625,
                0.06666666666666667
            ],
            [
                -0.15625,
                0.0,
                0.3333333333333333
            ]
        ],
        "blue_army": [
            [
                -0.1875,
                0.0625,
                0.6
            ],
            [
                -0.09375,
                -0.03125,
                0.2
            ],
            [
                -0.1875,
                -0.03125,
                0.4666666666666667
            ],
            [
                -0.09375,
                0.0625,
                0.3333333333333333
            ]
        ]
    },
    "cluster_id": 1,
    "children": {
        "2.2666666666666666": {
            "state": {
                "red_army": [
                    [
                        -0.140625,
                        0.0,
                        0.2
                    ],
                    [
                        -0.15625,
                        0.015625,
                        0.7333333333333333
                    ]
                ],
                "blue_army": [
                    [
                        -0.1875,
                        0.0625,
                        0.2
                    ],
                    [
                        -0.09375,
                        -0.03125,
                        0.06666666666666667
                    ],
                    [
                        -0.1875,
                        -0.03125,
                        0.8666666666666667
                    ],
                    [
                        -0.09375,
                        0.0625,
                        0.8666666666666667
                    ]
                ]
            },
            "cluster_id": 2,
            "children": {}
        },
        "1.7333333333333334": {
            "state": {
                "red_army": [
                    [
                        -0.15625,
                        0.03125,
                        0.7333333333333333
                    ],
                    [
                        -0.171875,
                        0.03125,
                        0.2
                    ]
                ],
                "blue_army": [
                    [
                        -0.1875,
                        0.0625,
                        0.06666666666666667
                    ],
                    [
                        -0.09375,
                        -0.03125,
                        0.6
                    ],
                    [
                        -0.1875,
                        -0.03125,
                        0.4666666666666667
                    ],
                    [
                        -0.09375,
                        0.0625,
                        0.3333333333333333
                    ]
                ]
            },
            "cluster_id": 3,
            "children": {
                "1.0666666666666667": {
                    "state": {
                        "red_army": [
                            [
                                -0.125,
                                0.0,
                                0.7333333333333333
                            ],
                            [
                                -0.15625,
                                0.0,
                                0.2
                            ]
                        ],
                        "blue_army": [
                            [
                                -0.1875,
                                0.0625,
                                0.2
                            ],
                            [
                                -0.09375,
                                -0.03125,
                                0.06666666666666667
                            ],
                            [
                                -0.1875,
                                -0.03125,
                                0.2
                            ],
                            [
                                -0.09375,
                                0.0625,
                                0.4666666666666667
                            ]
                        ]
                    },
                    "cluster_id": 7,
                    "children": {}
                }
            }
        },
        "0.8": {
            "state": {
                "red_army": [
                    [
                        -0.125,
                        0.0,
                        0.2
                    ],
                    [
                        -0.15625,
                        0.0,
                        0.6
                    ]
                ],
                "blue_army": [
                    [
                        -0.1875,
                        0.0625,
                        0.4666666666666667
                    ],
                    [
                        -0.09375,
                        -0.03125,
                        0.2
                    ],
                    [
                        -0.1875,
                        -0.03125,
                        0.2
                    ],
                    [
                        -0.09375,
                        0.0625,
                        0.3333333333333333
                    ]
                ]
            },
            "cluster_id": 4,
            "children": {}
        },
        "1.733333333333333": {
            "state": {
                "red_army": [
                    [
                        -0.15625,
                        0.03125,
                        0.2
                    ],
                    [
                        -0.125,
                        0.015625,
                        0.6
                    ]
                ],
                "blue_army": [
                    [
                        -0.1875,
                        0.0625,
                        0.06666666666666667
                    ],
                    [
                        -0.09375,
                        -0.03125,
                        0.3333333333333333
                    ],
                    [
                        -0.1875,
                        -0.03125,
                        0.7333333333333333
                    ],
                    [
                        -0.09375,
                        0.0625,
                        0.2
                    ]
                ]
            },
            "cluster_id": 5,
            "children": {}
        },
        "2.133333333333333": {
            "state": {
                "red_army": [
                    [
                        -0.140625,
                        0.015625,
                        1.0
                    ],
                    [
                        -0.15625,
                        0.015625,
                        0.06666666666666667
                    ]
                ],
                "blue_army": [
                    [
                        -0.1875,
                        0.0625,
                        0.4666666666666667
                    ],
                    [
                        -0.09375,
                        -0.03125,
                        0.7333333333333333
                    ],
                    [
                        -0.1875,
                        -0.03125,
                        0.4666666666666667
                    ],
                    [
                        -0.09375,
                        0.0625,
                        0.06666666666666667
                    ]
                ]
            },
            "cluster_id": 6,
            "children": {}
        }
    }
}