{
    "state": {
        "red_army": [
            [
                -0.125,
                0.015625,
                1.0
            ],
            [
                -0.03125,
                0.046875,
                1.0
            ],
            [
                -0.15625,
                0.046875,
                1.0
            ],
            [
                -0.125,
                0.046875,
                1.0
            ]
        ],
        "blue_army": [
            [
                0.0,
                0.046875,
                1.0
            ],
            [
                -0.09375,
                0.046875,
                1.0
            ],
            [
                -0.125,
                0.09375,
                1.0
            ],
            [
                -0.09375,
                0.09375,
                1.0
            ]
        ]
    },
    "cluster_id": 1,
    "children": {
        "0.5333333333333333": {
            "state": {
                "red_army": [
                    [
                        -0.140625,
                        0.0,
                        1.0
                    ],
                    [
                        -0.046875,
                        0.046875,
                        0.8666666666666667
                    ],
                    [
                        -0.171875,
                        0.03125,
                        1.0
                    ],
                    [
                        -0.140625,
                        0.03125,
                        0.6
                    ]
                ],
                "blue_army": [
                    [
                        0.0,
                        0.046875,
                        1.0
                    ],
                    [
                        -0.09375,
                        0.046875,
                        1.0
                    ],
                    [
                        -0.125,
                        0.09375,
                        1.0
                    ],
                    [
                        -0.09375,
                        0.09375,
                        1.0
                    ]
                ]
            },
            "cluster_id": 2,
            "children": {}
        },
        "1.2000000000000002": {
            "state": {
                "red_army": [
                    [
                        -0.140625,
                        0.0,
                        1.0
                    ],
                    [
                        -0.046875,
                        0.046875,
                        0.7333333333333333
                    ],
                    [
                        -0.171875,
                        0.03125,
                        1.0
                    ],
                    [
                        -0.140625,
                        0.03125,
                        0.6
                    ]
                ],
                "blue_army": [
                    [
                        0.0,
                        0.046875,
                        1.0
                    ],
                    [
                        -0.09375,
                        0.046875,
                        0.6
                    ],
                    [
                        -0.125,
                        0.09375,
                        0.8666666666666667
                    ],
                    [
                        -0.09375,
                        0.09375,
                        1.0
                    ]
                ]
            },
            "cluster_id": 3,
            "children": {}
        },
        "2.1333333333333337": {
            "state": {
                "red_army": [
                    [
                        -0.140625,
                        0.0,
                        1.0
                    ],
                    [
                        -0.046875,
                        0.046875,
                        0.7333333333333333
                    ],
                    [
                        -0.171875,
                        0.03125,
                        1.0
                    ],
                    [
                        -0.140625,
                        0.03125,
                        0.2
                    ]
                ],
                "blue_army": [
                    [
                        0.0,
                        0.046875,
                        1.0
                    ],
                    [
                        -0.09375,
                        0.046875,
                        0.06666666666666667
                    ],
                    [
                        -0.125,
                        0.09375,
                        0.8666666666666667
                    ],
                    [
                        -0.09375,
                        0.09375,
                        1.0
                    ]
                ]
            },
            "cluster_id": 4,
            "children": {}
        }
    }
}