{
    "state": {
        "red_army": [
            [
                -0.140625,
                0.015625,
                1.0
            ],
            [
                -0.171875,
                0.015625,
                0.8666666666666667
            ]
        ],
        "blue_army": [
            [
                0.0,
                0.046875,
                1.0
            ],
            [
                -0.125,
                0.09375,
                0.4666666666666667
            ],
            [
                -0.09375,
                0.078125,
                0.8666666666666667
            ]
        ]
    },
    "cluster_id": 1,
    "children": {
        "0.6666666666666667": {
            "state": {
                "red_army": [
                    [
                        -0.140625,
                        0.015625,
                        0.7333333333333333
                    ],
                    [
                        -0.171875,
                        0.015625,
                        0.7333333333333333
                    ]
                ],
                "blue_army": [
                    [
                        -0.03125,
                        0.046875,
                        1.0
                    ],
                    [
                        -0.125,
                        0.09375,
                        0.2
                    ],
                    [
                        -0.09375,
                        0.078125,
                        0.8666666666666667
                    ]
                ]
            },
            "cluster_id": 2,
            "children": {}
        }
    }
}