{
    "state": {
        "red_army": [
            [
                -0.140625,
                0.015625,
                0.6
            ],
            [
                -0.171875,
                0.015625,
                0.7333333333333333
            ]
        ],
        "blue_army": [
            [
                -0.0625,
                0.03125,
                1.0
            ],
            [
                -0.09375,
                0.078125,
                0.8666666666666667
            ]
        ]
    },
    "cluster_id": 1,
    "children": {
        "0.5333333333333334": {
            "state": {
                "red_army": [
                    [
                        -0.140625,
                        0.015625,
                        0.3333333333333333
                    ],
                    [
                        -0.15625,
                        0.015625,
                        0.7333333333333333
                    ]
                ],
                "blue_army": [
                    [
                        -0.0625,
                        0.03125,
                        1.0
                    ],
                    [
                        -0.09375,
                        0.078125,
                        0.6
                    ]
                ]
            },
            "cluster_id": 2,
            "children": {}
        }
    }
}