{
    "state": {
        "red_army": [],
        "blue_army": [
            [
                -0.0625,
                0.03125,
                0.8666666666666667
            ],
            [
                -0.109375,
                0.078125,
                0.3333333333333333
            ]
        ]
    },
    "cluster_id": 1,
    "children": {}
}