{
    "state": {
        "red_army": [
            [
                -0.140625,
                0.0,
                1.0
            ],
            [
                -0.078125,
                0.046875,
                0.06666666666666667
            ],
            [
                -0.171875,
                0.015625,
                1.0
            ]
        ],
        "blue_army": [
            [
                0.0,
                0.046875,
                1.0
            ],
            [
                -0.125,
                0.09375,
                0.7333333333333333
            ],
            [
                -0.09375,
                0.09375,
                0.8666666666666667
            ]
        ]
    },
    "cluster_id": 1,
    "children": {}
}