{
    "state": {
        "red_army": [
            [
                0.265625,
                -0.4375,
                0.2
            ]
        ],
        "blue_army": [
            [
                0.171875,
                -0.359375,
                0.4666666666666667
            ],
            [
                0.203125,
                -0.375,
                0.4666666666666667
            ],
            [
                0.1875,
                -0.375,
                0.7333333333333333
            ],
            [
                -0.140625,
                0.015625,
                0.6
            ]
        ]
    },
    "cluster_id": 1,
    "children": {
        "0.5333333333333332": {
            "state": {
                "red_army": [
                    [
                        0.28125,
                        -0.453125,
                        0.2
                    ]
                ],
                "blue_army": [
                    [
                        0.1875,
                        -0.375,
                        0.4666666666666667
                    ],
                    [
                        0.21875,
                        -0.390625,
                        0.4666666666666667
                    ],
                    [
                        0.203125,
                        -0.390625,
                        0.7333333333333333
                    ],
                    [
                        -0.140625,
                        0.015625,
                        0.6
                    ]
                ]
            },
            "cluster_id": 2,
            "children": {}
        },
        "0.6666666666666665": {
            "state": {
                "red_army": [
                    [
                        0.296875,
                        -0.46875,
                        0.06666666666666667
                    ]
                ],
                "blue_army": [
                    [
                        0.203125,
                        -0.390625,
                        0.4666666666666667
                    ],
                    [
                        0.234375,
                        -0.40625,
                        0.4666666666666667
                    ],
                    [
                        0.21875,
                        -0.40625,
                        0.7333333333333333
                    ],
                    [
                        -0.140625,
                        0.015625,
                        0.6
                    ]
                ]
            },
            "cluster_id": 3,
            "children": {
                "0.5333333333333332": {
                    "state": {
                        "red_army": [
                            [
                                0.328125,
                                -0.5,
                                0.06666666666666667
                            ]
                        ],
                        "blue_army": [
                            [
                                0.234375,
                                -0.421875,
                                0.4666666666666667
                            ],
                            [
                                0.234375,
                                -0.421875,
                                0.4666666666666667
                            ],
                            [
                                0.25,
                                -0.4375,
                                0.7333333333333333
                            ],
                            [
                                -0.140625,
                                0.015625,
                                0.6
                            ]
                        ]
                    },
                    "cluster_id": 4,
                    "children": {
                        "0.5333333333333332": {
                            "state": {
                                "red_army": [
                                    [
                                        0.359375,
                                        -0.53125,
                                        0.06666666666666667
                                    ]
                                ],
                                "blue_army": [
                                    [
                                        0.265625,
                                        -0.453125,
                                        0.4666666666666667
                                    ],
                                    [
                                        0.28125,
                                        -0.4375,
                                        0.4666666666666667
                                    ],
                                    [
                                        0.28125,
                                        -0.453125,
                                        0.7333333333333333
                                    ],
                                    [
                                        -0.140625,
                                        0.015625,
                                        0.6
                                    ]
                                ]
                            },
                            "cluster_id": 5,
                            "children": {}
                        }
                    }
                }
            }
        },
        "1.3333333333333333": {
            "state": {
                "red_army": [
                    [
                        0.015625,
                        -0.53125,
                        0.6
                    ]
                ],
                "blue_army": [
                    [
                        0.0,
                        -0.453125,
                        0.4666666666666667
                    ],
                    [
                        0.0,
                        -0.4375,
                        0.06666666666666667
                    ],
                    [
                        -0.015625,
                        -0.421875,
                        0.3333333333333333
                    ],
                    [
                        -0.140625,
                        0.015625,
                        0.4666666666666667
                    ]
                ]
            },
            "cluster_id": 6,
            "children": {
                "0.5333333333333333": {
                    "state": {
                        "red_army": [
                            [
                                0.03125,
                                -0.5625,
                                0.6
                            ]
                        ],
                        "blue_army": [
                            [
                                0.0,
                                -0.46875,
                                0.4666666666666667
                            ],
                            [
                                0.0,
                                -0.46875,
                                0.06666666666666667
                            ],
                            [
                                0.0,
                                -0.453125,
                                0.3333333333333333
                            ],
                            [
                                -0.140625,
                                0.015625,
                                0.4666666666666667
                            ]
                        ]
                    },
                    "cluster_id": 7,
                    "children": {}
                }
            }
        }
    }
}