{
    "state": {
        "red_army": [
            [
                0.234375,
                0.171875,
                0.06666666666666667
            ]
        ],
        "blue_army": [
            [
                0.15625,
                0.125,
                0.7333333333333333
            ],
            [
                0.140625,
                0.125,
                1.0
            ]
        ]
    },
    "cluster_id": 1,
    "children": {
        "0.5333333333333334": {
            "state": {
                "red_army": [
                    [
                        0.375,
                        0.234375,
                        0.06666666666666667
                    ]
                ],
                "blue_army": [
                    [
                        0.28125,
                        0.203125,
                        0.7333333333333333
                    ],
                    [
                        0.28125,
                        0.203125,
                        1.0
                    ]
                ]
            },
            "cluster_id": 2,
            "children": {}
        },
        "1.2": {
            "state": {
                "red_army": [
                    [
                        0.28125,
                        0.015625,
                        0.3333333333333333
                    ]
                ],
                "blue_army": [
                    [
                        0.171875,
                        0.015625,
                        0.2
                    ],
                    [
                        0.1875,
                        0.015625,
                        0.6
                    ]
                ]
            },
            "cluster_id": 3,
            "children": {
                "0.7999999999999999": {
                    "state": {
                        "red_army": [
                            [
                                0.3125,
                                0.015625,
                                0.3333333333333333
                            ]
                        ],
                        "blue_army": [
                            [
                                0.203125,
                                0.015625,
                                0.2
                            ],
                            [
                                0.21875,
                                0.015625,
                                0.6
                            ]
                        ]
                    },
                    "cluster_id": 4,
                    "children": {
                        "0.7999999999999999": {
                            "state": {
                                "red_army": [
                                    [
                                        0.328125,
                                        0.015625,
                                        0.3333333333333333
                                    ]
                                ],
                                "blue_army": [
                                    [
                                        0.21875,
                                        0.015625,
                                        0.2
                                    ],
                                    [
                                        0.234375,
                                        0.015625,
                                        0.6
                                    ]
                                ]
                            },
                            "cluster_id": 5,
                            "children": {
                                "0.7999999999999999": {
                                    "state": {
                                        "red_army": [
                                            [
                                                0.34375,
                                                0.015625,
                                                0.3333333333333333
                                            ]
                                        ],
                                        "blue_army": [
                                            [
                                                0.25,
                                                0.015625,
                                                0.2
                                            ],
                                            [
                                                0.25,
                                                0.015625,
                                                0.6
                                            ]
                                        ]
                                    },
                                    "cluster_id": 6,
                                    "children": {}
                                }
                            }
                        }
                    }
                }
            }
        },
        "0.9333333333333332": {
            "state": {
                "red_army": [
                    [
                        0.4375,
                        0.03125,
                        0.06666666666666667
                    ]
                ],
                "blue_army": [
                    [
                        -0.140625,
                        0.015625,
                        0.6
                    ],
                    [
                        0.328125,
                        0.03125,
                        0.2
                    ]
                ]
            },
            "cluster_id": 7,
            "children": {}
        }
    }
}