{
    "state": {
        "red_army": [
            [
                0.4375,
                0.03125,
                0.06666666666666667
            ]
        ],
        "blue_army": [
            [
                0.34375,
                0.03125,
                0.06666666666666667
            ]
        ]
    },
    "cluster_id": 1,
    "children": {
        "0.9333333333333333": {
            "state": {
                "red_army": [
                    [
                        0.265625,
                        0.421875,
                        0.8666666666666667
                    ]
                ],
                "blue_army": [
                    [
                        0.1875,
                        0.34375,
                        0.2
                    ]
                ]
            },
            "cluster_id": 2,
            "children": {}
        },
        "0.6666666666666667": {
            "state": {
                "red_army": [
                    [
                        0.15625,
                        0.46875,
                        0.2
                    ]
                ],
                "blue_army": [
                    [
                        0.109375,
                        0.390625,
                        0.6
                    ]
                ]
            },
            "cluster_id": 3,
            "children": {
                "0.5333333333333333": {
                    "state": {
                        "red_army": [
                            [
                                0.265625,
                                0.40625,
                                0.4666666666666667
                            ]
                        ],
                        "blue_army": [
                            [
                                0.203125,
                                0.328125,
                                0.3333333333333333
                            ]
                        ]
                    },
                    "cluster_id": 4,
                    "children": {}
                }
            }
        }
    }
}