{
    "state": {
        "red_army": [
            [
                -0.140625,
                0.0,
                0.3333333333333333
            ]
        ],
        "blue_army": []
    },
    "cluster_id": 1,
    "children": {
        "0.5333333333333334": {
            "state": {
                "red_army": [
                    [
                        -0.15625,
                        0.0,
                        0.8666666666666667
                    ]
                ],
                "blue_army": []
            },
            "cluster_id": 2,
            "children": {}
        }
    }
}