{
    "state": {
        "red_army": [
            [
                -0.171875,
                0.015625,
                0.8666666666666667
            ],
            [
                -0.203125,
                -0.046875,
                0.06666666666666667
            ]
        ],
        "blue_army": [
            [
                -0.09375,
                0.03125,
                0.3333333333333333
            ],
            [
                -0.1875,
                -0.0625,
                0.2
            ],
            [
                -0.234375,
                0.0625,
                0.7333333333333333
            ],
            [
                -0.078125,
                0.046875,
                0.7333333333333333
            ],
            [
                -0.0625,
                -0.078125,
                0.8666666666666667
            ],
            [
                -0.234375,
                -0.140625,
                0.7333333333333333
            ],
            [
                -0.234375,
                0.03125,
                0.7333333333333333
            ],
            [
                -0.125,
                -0.078125,
                0.2
            ]
        ]
    },
    "cluster_id": 1,
    "children": {
        "2.8": {
            "state": {
                "red_army": [
                    [
                        -0.140625,
                        -0.046875,
                        0.06666666666666667
                    ],
                    [
                        0.015625,
                        -0.046875,
                        0.3333333333333333
                    ]
                ],
                "blue_army": [
                    [
                        -0.09375,
                        0.03125,
                        0.06666666666666667
                    ],
                    [
                        -0.1875,
                        -0.0625,
                        0.4666666666666667
                    ],
                    [
                        -0.203125,
                        0.015625,
                        0.3333333333333333
                    ],
                    [
                        -0.0625,
                        0.0625,
                        0.4666666666666667
                    ],
                    [
                        -0.015625,
                        -0.125,
                        0.2
                    ],
                    [
                        -0.21875,
                        -0.140625,
                        0.6
                    ],
                    [
                        -0.21875,
                        -0.015625,
                        0.6
                    ],
                    [
                        -0.125,
                        -0.078125,
                        0.3333333333333333
                    ]
                ]
            },
            "cluster_id": 2,
            "children": {}
        },
        "1.4666666666666668": {
            "state": {
                "red_army": [
                    [
                        -0.21875,
                        -0.0625,
                        0.06666666666666667
                    ],
                    [
                        -0.0625,
                        0.0,
                        0.6
                    ]
                ],
                "blue_army": [
                    [
                        -0.09375,
                        0.03125,
                        0.4666666666666667
                    ],
                    [
                        -0.1875,
                        -0.0625,
                        0.06666666666666667
                    ],
                    [
                        -0.203125,
                        0.03125,
                        0.6
                    ],
                    [
                        -0.0625,
                        0.0625,
                        0.7333333333333333
                    ],
                    [
                        -0.03125,
                        -0.078125,
                        0.8666666666666667
                    ],
                    [
                        -0.234375,
                        -0.15625,
                        0.8666666666666667
                    ],
                    [
                        -0.25,
                        0.015625,
                        0.8666666666666667
                    ],
                    [
                        -0.125,
                        -0.078125,
                        0.7333333333333333
                    ]
                ]
            },
            "cluster_id": 3,
            "children": {}
        },
        "2.4000000000000004": {
            "state": {
                "red_army": [
                    [
                        -0.265625,
                        -0.09375,
                        0.06666666666666667
                    ],
                    [
                        0.0,
                        -0.03125,
                        0.06666666666666667
                    ]
                ],
                "blue_army": [
                    [
                        -0.09375,
                        0.03125,
                        0.06666666666666667
                    ],
                    [
                        -0.1875,
                        -0.0625,
                        0.06666666666666667
                    ],
                    [
                        -0.234375,
                        0.0625,
                        1.0
                    ],
                    [
                        -0.046875,
                        0.046875,
                        0.6
                    ],
                    [
                        -0.015625,
                        -0.125,
                        0.6
                    ],
                    [
                        -0.25,
                        -0.171875,
                        0.8666666666666667
                    ],
                    [
                        -0.265625,
                        0.046875,
                        0.4666666666666667
                    ],
                    [
                        -0.109375,
                        -0.078125,
                        0.06666666666666667
                    ]
                ]
            },
            "cluster_id": 4,
            "children": {}
        }
    }
}