{
    "state": {
        "red_army": [
            [
                -0.625,
                -0.265625,
                0.3333333333333333
            ]
        ],
        "blue_army": [
            [
                -0.53125,
                -0.21875,
                0.4666666666666667
            ]
        ]
    },
    "cluster_id": 1,
    "children": {}
}