{
    "state": {
        "red_army": [
            [
                0.53125,
                -0.234375,
                0.2
            ]
        ],
        "blue_army": [
            [
                0.421875,
                -0.203125,
                0.4666666666666667
            ],
            [
                -0.140625,
                0.015625,
                0.3333333333333333
            ],
            [
                0.421875,
                -0.21875,
                0.2
            ]
        ]
    },
    "cluster_id": 1,
    "children": {
        "1.0666666666666664": {
            "state": {
                "red_army": [
                    [
                        0.546875,
                        -0.21875,
                        0.3333333333333333
                    ]
                ],
                "blue_army": [
                    [
                        0.4375,
                        -0.1875,
                        0.3333333333333333
                    ],
                    [
                        -0.140625,
                        0.015625,
                        0.6
                    ],
                    [
                        0.453125,
                        -0.1875,
                        0.7333333333333333
                    ]
                ]
            },
            "cluster_id": 2,
            "children": {
                "0.7999999999999999": {
                    "state": {
                        "red_army": [
                            [
                                0.578125,
                                -0.234375,
                                0.3333333333333333
                            ]
                        ],
                        "blue_army": [
                            [
                                0.46875,
                                -0.1875,
                                0.3333333333333333
                            ],
                            [
                                -0.140625,
                                0.015625,
                                0.6
                            ],
                            [
                                0.46875,
                                -0.203125,
                                0.7333333333333333
                            ]
                        ]
                    },
                    "cluster_id": 3,
                    "children": {}
                }
            }
        }
    }
}