{
    "state": {
        "red_army": [
            [
                -0.484375,
                -0.1875,
                0.4666666666666667
            ]
        ],
        "blue_army": [
            [
                -0.40625,
                -0.140625,
                0.6
            ],
            [
                -0.390625,
                -0.140625,
                0.6
            ]
        ]
    },
    "cluster_id": 1,
    "children": {
        "1.0666666666666667": {
            "state": {
                "red_army": [
                    [
                        -0.59375,
                        -0.265625,
                        0.2
                    ]
                ],
                "blue_army": [
                    [
                        -0.515625,
                        -0.21875,
                        0.3333333333333333
                    ],
                    [
                        -0.140625,
                        0.015625,
                        0.06666666666666667
                    ]
                ]
            },
            "cluster_id": 2,
            "children": {}
        },
        "0.8": {
            "state": {
                "red_army": [
                    [
                        -0.625,
                        -0.1875,
                        0.4666666666666667
                    ]
                ],
                "blue_army": [
                    [
                        -0.53125,
                        -0.15625,
                        0.06666666666666667
                    ],
                    [
                        -0.140625,
                        0.015625,
                        0.3333333333333333
                    ]
                ]
            },
            "cluster_id": 3,
            "children": {}
        }
    }
}