{
    "state": {
        "red_army": [
            [
                0.5625,
                0.015625,
                0.3333333333333333
            ]
        ],
        "blue_army": [
            [
                0.46875,
                0.015625,
                0.2
            ],
            [
                0.484375,
                0.015625,
                0.6
            ]
        ]
    },
    "cluster_id": 1,
    "children": {
        "0.6666666666666666": {
            "state": {
                "red_army": [
                    [
                        0.53125,
                        -0.03125,
                        0.06666666666666667
                    ]
                ],
                "blue_army": [
                    [
                        0.4375,
                        -0.03125,
                        0.6
                    ],
                    [
                        0.4375,
                        -0.03125,
                        0.6
                    ]
                ]
            },
            "cluster_id": 2,
            "children": {}
        }
    }
}