{
    "state": {
        "red_army": [
            [
                0.03125,
                0.140625,
                0.06666666666666667
            ],
            [
                0.078125,
                0.1875,
                0.06666666666666667
            ],
            [
                0.078125,
                0.1875,
                0.3333333333333333
            ]
        ],
        "blue_army": [
            [
                -0.140625,
                0.015625,
                0.2
            ]
        ]
    },
    "cluster_id": 1,
    "children": {}
}