{
    "state": {
        "red_army": [
            [
                -0.546875,
                0.40625,
                0.06666666666666667
            ]
        ],
        "blue_army": [
            [
                -0.484375,
                0.34375,
                0.06666666666666667
            ],
            [
                -0.46875,
                0.328125,
                0.2
            ]
        ]
    },
    "cluster_id": 1,
    "children": {
        "0.5333333333333333": {
            "state": {
                "red_army": [
                    [
                        -0.53125,
                        0.375,
                        0.06666666666666667
                    ]
                ],
                "blue_army": [
                    [
                        -0.46875,
                        0.3125,
                        0.6
                    ],
                    [
                        -0.46875,
                        0.296875,
                        0.2
                    ]
                ]
            },
            "cluster_id": 2,
            "children": {}
        },
        "1.0666666666666667": {
            "state": {
                "red_army": [
                    [
                        -0.546875,
                        0.390625,
                        0.6
                    ]
                ],
                "blue_army": [
                    [
                        -0.484375,
                        0.328125,
                        0.2
                    ],
                    [
                        -0.140625,
                        0.015625,
                        0.6
                    ]
                ]
            },
            "cluster_id": 3,
            "children": {}
        }
    }
}