{
    "state": {
        "red_army": [
            [
                -0.109375,
                -0.015625,
                0.3333333333333333
            ]
        ],
        "blue_army": [
            [
                -0.09375,
                0.03125,
                0.7333333333333333
            ],
            [
                -0.1875,
                -0.0625,
                0.4666666666666667
            ],
            [
                -0.21875,
                0.046875,
                0.7333333333333333
            ],
            [
                -0.0625,
                0.0625,
                0.7333333333333333
            ],
            [
                -0.03125,
                -0.09375,
                0.7333333333333333
            ],
            [
                -0.203125,
                -0.109375,
                0.7333333333333333
            ],
            [
                -0.21875,
                0.03125,
                0.6
            ],
            [
                -0.125,
                -0.078125,
                0.4666666666666667
            ]
        ]
    },
    "cluster_id": 1,
    "children": {
        "2.4": {
            "state": {
                "red_army": [
                    [
                        -0.09375,
                        -0.046875,
                        0.2
                    ]
                ],
                "blue_army": [
                    [
                        -0.09375,
                        0.03125,
                        0.06666666666666667
                    ],
                    [
                        -0.1875,
                        -0.0625,
                        0.06666666666666667
                    ],
                    [
                        -0.1875,
                        0.03125,
                        0.6
                    ],
                    [
                        -0.0625,
                        0.046875,
                        0.4666666666666667
                    ],
                    [
                        -0.015625,
                        -0.125,
                        0.4666666666666667
                    ],
                    [
                        -0.25,
                        -0.171875,
                        0.7333333333333333
                    ],
                    [
                        -0.203125,
                        0.015625,
                        0.7333333333333333
                    ],
                    [
                        -0.125,
                        -0.078125,
                        0.06666666666666667
                    ]
                ]
            },
            "cluster_id": 2,
            "children": {
                "1.6": {
                    "state": {
                        "red_army": [
                            [
                                0.015625,
                                -0.046875,
                                0.2
                            ]
                        ],
                        "blue_army": [
                            [
                                -0.109375,
                                0.03125,
                                0.06666666666666667
                            ],
                            [
                                -0.171875,
                                -0.0625,
                                0.4666666666666667
                            ],
                            [
                                -0.203125,
                                0.015625,
                                0.3333333333333333
                            ],
                            [
                                -0.0625,
                                0.0625,
                                0.4666666666666667
                            ],
                            [
                                -0.015625,
                                -0.125,
                                0.06666666666666667
                            ],
                            [
                                -0.203125,
                                -0.109375,
                                0.6
                            ],
                            [
                                -0.1875,
                                0.0,
                                0.6
                            ],
                            [
                                -0.125,
                                -0.0625,
                                0.3333333333333333
                            ]
                        ]
                    },
                    "cluster_id": 3,
                    "children": {}
                },
                "2.1333333333333333": {
                    "state": {
                        "red_army": [
                            [
                                0.0,
                                0.0,
                                0.3333333333333333
                            ]
                        ],
                        "blue_army": [
                            [
                                -0.09375,
                                0.03125,
                                0.3333333333333333
                            ],
                            [
                                -0.15625,
                                0.0,
                                0.2
                            ],
                            [
                                -0.15625,
                                0.03125,
                                0.8666666666666667
                            ],
                            [
                                -0.046875,
                                0.046875,
                                0.4666666666666667
                            ],
                            [
                                -0.015625,
                                -0.109375,
                                0.2
                            ],
                            [
                                -0.234375,
                                -0.140625,
                                0.4666666666666667
                            ],
                            [
                                -0.140625,
                                0.015625,
                                0.8666666666666667
                            ],
                            [
                                -0.125,
                                -0.078125,
                                0.7333333333333333
                            ]
                        ]
                    },
                    "cluster_id": 5,
                    "children": {}
                }
            }
        },
        "1.7333333333333334": {
            "state": {
                "red_army": [
                    [
                        -0.078125,
                        0.0,
                        0.2
                    ]
                ],