{
    "state": {
        "red_army": [
            [
                0.328125,
                -0.296875,
                0.6
            ]
        ],
        "blue_army": [
            [
                -0.140625,
                0.015625,
                0.06666666666666667
            ],
            [
                0.25,
                -0.25,
                0.3333333333333333
            ]
        ]
    },
    "cluster_id": 1,
    "children": {
        "0.5333333333333333": {
            "state": {
                "red_army": [
                    [
                        0.171875,
                        -0.453125,
                        0.2
                    ]
                ],
                "blue_army": [
                    [
                        -0.140625,
                        0.015625,
                        0.2
                    ],
                    [
                        0.109375,
                        -0.390625,
                        0.3333333333333333
                    ]
                ]
            },
            "cluster_id": 2,
            "children": {}
        }
    }
}