{
    "state": {
        "red_army": [
            [
                0.078125,
                -0.25,
                0.2
            ]
        ],
        "blue_army": [
            [
                0.0,
                -0.171875,
                0.4666666666666667
            ],
            [
                0.015625,
                -0.1875,
                0.4666666666666667
            ],
            [
                0.0,
                -0.1875,
                0.7333333333333333
            ],
            [
                -0.140625,
                0.015625,
                0.6
            ]
        ]
    },
    "cluster_id": 1,
    "children": {
        "0.5333333333333332": {
            "state": {
                "red_army": [
                    [
                        0.171875,
                        -0.34375,
                        0.2
                    ]
                ],
                "blue_army": [
                    [
                        0.078125,
                        -0.265625,
                        0.4666666666666667
                    ],
                    [
                        0.109375,
                        -0.28125,
                        0.4666666666666667
                    ],
                    [
                        0.09375,
                        -0.28125,
                        0.7333333333333333
                    ],
                    [
                        -0.140625,
                        0.015625,
                        0.6
                    ]
                ]
            },
            "cluster_id": 2,
            "children": {
                "0.5333333333333332": {
                    "state": {
                        "red_army": [
                            [
                                0.1875,
                                -0.359375,
                                0.2
                            ]
                        ],
                        "blue_army": [
                            [
                                0.09375,
                                -0.28125,
                                0.4666666666666667
                            ],
                            [
                                0.125,
                                -0.296875,
                                0.4666666666666667
                            ],
                            [
                                0.109375,
                                -0.296875,
                                0.7333333333333333
                            ],
                            [
                                -0.140625,
                                0.015625,
                                0.6
                            ]
                        ]
                    },
                    "cluster_id": 3,
                    "children": {
                        "0.5333333333333332": {
                            "state": {
                                "red_army": [
                                    [
                                        0.203125,
                                        -0.375,
                                        0.2
                                    ]
                                ],
                                "blue_army": [
                                    [
                                        0.109375,
                                        -0.296875,
                                        0.4666666666666667
                                    ],
                                    [
                                        0.140625,
                                        -0.3125,
                                        0.4666666666666667
                                    ],
                                    [
                                        0.125,
                                        -0.3125,
                                        0.7333333333333333
                                    ],
                                    [
                                        -0.140625,
                                        0.015625,
                                        0.6
                                    ]
                                ]
                            },
                            "cluster_id": 4,
                            "children": {}
                        }
                    }
                }
            }
        },
        "1.4666666666666663": {
            "state": {
                "red_army": [
                    [
                        0.03125,
                        -0.296875,
                        0.2
                    ]
                ],
                "blue_army": [
                    [
                        -0.015625,
                        -0.21875,
                        0.3333333333333333
                    ],
                    [
                        -0.015625,
                        -0.21875,
                        0.2
                    ],
                    [
                        -0.140625,
                        0.015625,
                        0.06666666666666667
                    ],
                    [
                        -0.015625,
                        -0.203125,
                        0.7333333333333333
                    ]
                ]
            },
            "cluster_id": 5,
            "children": {}
        },
        "1.4666666666666666": {
            "state": {
                "red_army": [
                    [
                        0.03125,
                        -0.3125,
                        0.2
                    ]
                ],
                "blue_army": [
                    [
                        -0.015625,
                        -0.234375,
                        0.3333333333333333
                    ],
                    [
                        0.0,
                        -0.234375,
                        0.2
                    ],
                    [
                        -0.140625,
                        0.015625,
                        0.06666666666666667
                    ],
                    [
                        -0.015625,
                        -0.21875,
                        0.7333333333333333
                    ]
                ]
            },
            "cluster_id": 6,
            "children": {}
        },
        "1.3333333333333333": {
            "state": {
                "red_army": [
                    [
                        -0.03125,
                        -0.328125,
                        0.6
                    ]
                ],
                "blue_army": [
                    [
                        -0.0625,
                        -0.234375,
                        0.4666666666666667
                    ],
                    [
                        -0.046875,
                        -0.234375,
                        0.06666666666666667
                    ],
                    [
                        -0.078125,
                        -0.21875,
                        0.3333333333333333
                    ],
                    [
                        -0.140625,
                        0.015625,
                        0.4666666666666667
                    ]
                ]
            },
            "cluster_id": 7,
            "children": {
                "0.8": {
                    "state": {
                        "red_army": [
                            [
                                -0.03125,
                                -0.375,
                                0.6
                            ]
                        ],