{
    "state": {
        "red_army": [],
        "blue_army": [
            [
                -0.140625,
                -0.03125,
                0.06666666666666667
            ]
        ]
    },
    "cluster_id": 1,
    "children": {
        "0.5333333333333333": {
            "state": {
                "red_army": [],
                "blue_army": [
                    [
                        -0.140625,
                        0.0,
                        0.6
                    ]
                ]
            },
            "cluster_id": 2,
            "children": {}
        }
    }
}