{
    "state": {
        "red_army": [
            [
                0.140625,
                -0.203125,
                0.7333333333333333
            ],
            [
                0.171875,
                -0.234375,
                0.06666666666666667
            ]
        ],
        "blue_army": [
            [
                0.046875,
                -0.140625,
                0.4666666666666667
            ]
        ]
    },
    "cluster_id": 1,
    "children": {
        "0.5333333333333333": {
            "state": {
                "red_army": [
                    [
                        0.125,
                        -0.203125,
                        0.3333333333333333
                    ],
                    [
                        0.171875,
                        -0.234375,
                        0.06666666666666667
                    ]
                ],
                "blue_army": [
                    [
                        0.078125,
                        -0.15625,
                        0.3333333333333333
                    ]
                ]
            },
            "cluster_id": 2,
            "children": {}
        }
    }
}