{
    "state": {
        "red_army": [
            [
                -0.171875,
                -0.09375,
                0.8666666666666667
            ],
            [
                -0.234375,
                -0.15625,
                0.2
            ],
            [
                -0.15625,
                -0.109375,
                0.06666666666666667
            ],
            [
                -0.125,
                -0.09375,
                0.3333333333333333
            ],
            [
                -0.25,
                -0.1875,
                0.2
            ]
        ],
        "blue_army": [
            [
                -0.1875,
                0.0,
                0.2
            ],
            [
                -0.09375,
                0.03125,
                0.4666666666666667
            ],
            [
                -0.0625,
                -0.109375,
                0.06666666666666667
            ],
            [
                -0.171875,
                0.015625,
                1.0
            ]
        ]
    },
    "cluster_id": 1,
    "children": {}
}