{
    "state": {
        "red_army": [
            [
                0.0625,
                -0.546875,
                0.3333333333333333
            ]
        ],
        "blue_army": [
            [
                0.03125,
                -0.46875,
                0.06666666666666667
            ]
        ]
    },
    "cluster_id": 1,
    "children": {}
}