{
    "state": {
        "red_army": [
            [
                -0.109375,
                0.0,
                0.3333333333333333
            ],
            [
                -0.125,
                -0.015625,
                0.2
            ],
            [
                -0.171875,
                -0.046875,
                0.06666666666666667
            ],
            [
                -0.109375,
                0.015625,
                0.2
            ],
            [
                -0.15625,
                -0.046875,
                0.06666666666666667
            ],
            [
                -0.109375,
                0.015625,
                0.06666666666666667
            ]
        ],
        "blue_army": []
    },
    "cluster_id": 1,
    "children": {
        "0.6666666666666667": {
            "state": {
                "red_army": [
                    [
                        -0.15625,
                        -0.015625,
                        0.06666666666666667
                    ],
                    [
                        -0.15625,
                        -0.03125,
                        0.2
                    ],
                    [
                        -0.171875,
                        -0.015625,
                        0.06666666666666667
                    ],
                    [
                        -0.15625,
                        -0.015625,
                        0.06666666666666667
                    ],
                    [
                        -0.140625,
                        -0.015625,
                        0.2
                    ],
                    [
                        -0.15625,
                        -0.03125,
                        0.2
                    ]
                ],
                "blue_army": []
            },
            "cluster_id": 2,
            "children": {}
        },
        "1.2": {
            "state": {
                "red_army": [
                    [
                        -0.1875,
                        0.015625,
                        1.0
                    ],
                    [
                        -0.1875,
                        -0.015625,
                        0.06666666666666667
                    ],
                    [
                        -0.1875,
                        0.0,
                        0.06666666666666667
                    ],
                    [
                        -0.140625,
                        -0.015625,
                        0.3333333333333333
                    ],
                    [
                        -0.203125,
                        -0.015625,
                        0.06666666666666667
                    ],
                    [
                        -0.140625,
                        0.0,
                        0.06666666666666667
                    ]
                ],
                "blue_army": []
            },
            "cluster_id": 3,
            "children": {}
        }
    }
}