{
    "state": {
        "red_army": [
            [
                -0.15625,
                0.40625,
                0.06666666666666667
            ]
        ],
        "blue_army": [
            [
                -0.15625,
                0.3125,
                0.4666666666666667
            ],
            [
                -0.15625,
                0.3125,
                0.3333333333333333
            ]
        ]
    },
    "cluster_id": 1,
    "children": {
        "0.5333333333333333": {
            "state": {
                "red_army": [
                    [
                        -0.421875,
                        0.28125,
                        0.06666666666666667
                    ]
                ],
                "blue_army": [
                    [
                        -0.359375,
                        0.21875,
                        0.06666666666666667
                    ],
                    [
                        -0.34375,
                        0.203125,
                        0.2
                    ]
                ]
            },
            "cluster_id": 2,
            "children": {}
        },
        "1.0666666666666667": {
            "state": {
                "red_army": [
                    [
                        -0.140625,
                        0.421875,
                        0.6
                    ]
                ],
                "blue_army": [
                    [
                        -0.140625,
                        0.328125,
                        0.06666666666666667
                    ],
                    [
                        -0.140625,
                        0.328125,
                        0.2
                    ]
                ]
            },
            "cluster_id": 3,
            "children": {
                "0.5333333333333333": {
                    "state": {
                        "red_army": [
                            [
                                -0.515625,
                                0.359375,
                                0.6
                            ]
                        ],
                        "blue_army": [
                            [
                                -0.453125,
                                0.296875,
                                0.2
                            ],
                            [
                                -0.140625,
                                0.015625,
                                0.6
                            ]
                        ]
                    },
                    "cluster_id": 4,
                    "children": {}
                }
            }
        }
    }
}