{
    "state": {
        "red_army": [
            [
                -0.5,
                0.109375,
                0.2
            ]
        ],
        "blue_army": [
            [
                -0.390625,
                0.078125,
                0.3333333333333333
            ],
            [
                -0.40625,
                0.0625,
                0.6
            ],
            [
                -0.40625,
                0.0625,
                0.7333333333333333
            ]
        ]
    },
    "cluster_id": 1,
    "children": {
        "0.5333333333333333": {
            "state": {
                "red_army": [
                    [
                        -0.53125,
                        0.125,
                        0.2
                    ]
                ],
                "blue_army": [
                    [
                        -0.4375,
                        0.09375,
                        0.3333333333333333
                    ],
                    [
                        -0.4375,
                        0.09375,
                        0.6
                    ],
                    [
                        -0.453125,
                        0.078125,
                        0.7333333333333333
                    ]
                ]
            },
            "cluster_id": 2,
            "children": {}
        }
    }
}