{
    "state": {
        "red_army": [
            [
                0.28125,
                -0.359375,
                0.06666666666666667
            ]
        ],
        "blue_army": [
            [
                0.203125,
                -0.265625,
                0.6
            ],
            [
                0.203125,
                -0.28125,
                0.7333333333333333
            ],
            [
                0.1875,
                -0.265625,
                0.7333333333333333
            ]
        ]
    },
    "cluster_id": 1,
    "children": {}
}