{
    "state": {
        "red_army": [
            [
                -0.203125,
                -0.546875,
                0.06666666666666667
            ]
        ],
        "blue_army": [
            [
                -0.203125,
                -0.4375,
                0.6
            ],
            [
                -0.140625,
                0.015625,
                0.06666666666666667
            ]
        ]
    },
    "cluster_id": 1,
    "children": {}
}