{
    "state": {
        "red_army": [
            [
                -0.078125,
                -0.0625,
                1.0
            ],
            [
                -0.0625,
                -0.078125,
                0.06666666666666667
            ],
            [
                -0.21875,
                -0.109375,
                0.2
            ],
            [
                -0.203125,
                -0.03125,
                0.2
            ],
            [
                -0.0625,
                -0.0625,
                0.4666666666666667
            ],
            [
                -0.203125,
                -0.125,
                0.2
            ],
            [
                -0.046875,
                -0.015625,
                0.06666666666666667
            ]
        ],
        "blue_army": [
            [
                -0.234375,
                0.0625,
                0.06666666666666667
            ],
            [
                -0.0625,
                0.0625,
                0.4666666666666667
            ],
            [
                -0.265625,
                0.046875,
                1.0
            ]
        ]
    },
    "cluster_id": 1,
    "children": {
        "1.6": {
            "state": {
                "red_army": [
                    [
                        -0.078125,
                        -0.046875,
                        1.0
                    ],
                    [
                        -0.046875,
                        -0.078125,
                        0.2
                    ],
                    [
                        -0.21875,
                        -0.078125,
                        0.2
                    ],
                    [
                        -0.234375,
                        -0.046875,
                        0.2
                    ],
                    [
                        -0.046875,
                        -0.03125,
                        0.3333333333333333
                    ],
                    [
                        -0.21875,
                        -0.125,
                        0.2
                    ],
                    [
                        -0.046875,
                        -0.03125,
                        0.06666666666666667
                    ]
                ],
                "blue_army": [
                    [
                        -0.234375,
                        0.0625,
                        0.4666666666666667
                    ],
                    [
                        -0.0625,
                        0.046875,
                        0.7333333333333333
                    ],
                    [
                        -0.265625,
                        0.046875,
                        0.8666666666666667
                    ]
                ]
            },
            "cluster_id": 2,
            "children": {}
        }
    }
}