{
    "state": {
        "red_army": [
            [
                -0.140625,
                -0.109375,
                1.0
            ],
            [
                -0.1875,
                -0.125,
                0.06666666666666667
            ],
            [
                -0.203125,
                -0.09375,
                0.3333333333333333
            ],
            [
                -0.140625,
                -0.09375,
                0.4666666666666667
            ],
            [
                -0.1875,
                -0.140625,
                0.06666666666666667
            ],
            [
                -0.125,
                -0.078125,
                0.06666666666666667
            ]
        ],
        "blue_army": [
            [
                -0.203125,
                0.015625,
                0.6
            ],
            [
                -0.078125,
                0.0,
                1.0
            ],
            [
                -0.015625,
                -0.125,
                0.3333333333333333
            ],
            [
                -0.234375,
                0.0,
                1.0
            ]
        ]
    },
    "cluster_id": 1,
    "children": {
        "2.0": {
            "state": {
                "red_army": [
                    [
                        -0.109375,
                        -0.09375,
                        1.0
                    ],
                    [
                        -0.15625,
                        -0.140625,
                        0.06666666666666667
                    ],
                    [
                        -0.15625,
                        -0.078125,
                        0.2
                    ],
                    [
                        -0.140625,
                        -0.078125,
                        0.06666666666666667
                    ],
                    [
                        -0.078125,
                        -0.078125,
                        0.2
                    ],
                    [
                        -0.15625,
                        -0.15625,
                        0.2
                    ]
                ],
                "blue_army": [
                    [
                        -0.203125,
                        0.0,
                        0.6
                    ],
                    [
                        -0.0625,
                        0.0,
                        0.4666666666666667
                    ],
                    [
                        -0.015625,
                        -0.125,
                        0.06666666666666667
                    ],
                    [
                        -0.21875,
                        -0.015625,
                        0.6
                    ]
                ]
            },
            "cluster_id": 2,
            "children": {}
        }
    }
}