{
    "state": {
        "red_army": [
            [
                0.40625,
                -0.078125,
                0.06666666666666667
            ]
        ],
        "blue_army": [
            [
                0.3125,
                -0.0625,
                0.4666666666666667
            ],
            [
                0.296875,
                -0.0625,
                0.4666666666666667
            ],
            [
                0.3125,
                -0.0625,
                0.3333333333333333
            ]
        ]
    },
    "cluster_id": 1,
    "children": {
        "0.8": {
            "state": {
                "red_army": [
                    [
                        0.34375,
                        -0.25,
                        0.06666666666666667
                    ]
                ],
                "blue_army": [
                    [
                        0.265625,
                        -0.203125,
                        0.2
                    ],
                    [
                        0.25,
                        -0.203125,
                        0.06666666666666667
                    ],
                    [
                        0.25,
                        -0.203125,
                        0.4666666666666667
                    ]
                ]
            },
            "cluster_id": 2,
            "children": {
                "1.0666666666666667": {
                    "state": {
                        "red_army": [
                            [
                                0.375,
                                -0.171875,
                                0.2
                            ]
                        ],
                        "blue_army": [
                            [
                                0.28125,
                                -0.140625,
                                0.3333333333333333
                            ],
                            [
                                0.265625,
                                -0.140625,
                                0.4666666666666667
                            ],
                            [
                                0.28125,
                                -0.140625,
                                0.8666666666666667
                            ]
                        ]
                    },
                    "cluster_id": 4,
                    "children": {}
                },
                "1.3333333333333335": {
                    "state": {
                        "red_army": [
                            [
                                0.390625,
                                -0.1875,
                                0.2
                            ]
                        ],
                        "blue_army": [
                            [
                                0.296875,
                                -0.140625,
                                0.3333333333333333
                            ],
                            [
                                0.28125,
                                -0.140625,
                                0.4666666666666667
                            ],
                            [
                                0.3125,
                                -0.15625,
                                0.8666666666666667
                            ]
                        ]
                    },
                    "cluster_id": 5,
                    "children": {}
                }
            }
        },
        "0.5333333333333333": {
            "state": {
                "red_army": [
                    [
                        0.359375,
                        -0.265625,
                        0.06666666666666667
                    ]
                ],
                "blue_army": [
                    [
                        0.28125,
                        -0.21875,
                        0.2
                    ],
                    [
                        0.265625,
                        -0.21875,
                        0.06666666666666667
                    ],
                    [
                        0.265625,
                        -0.203125,
                        0.4666666666666667
                    ]
                ]
            },
            "cluster_id": 3,
            "children": {}
        },
        "0.7999999999999998": {
            "state": {
                "red_army": [
                    [
                        0.25,
                        -0.328125,
                        0.06666666666666667
                    ]
                ],
                "blue_army": [
                    [
                        0.171875,
                        -0.234375,
                        0.6
                    ],
                    [
                        0.171875,
                        -0.25,
                        0.7333333333333333
                    ],
                    [
                        0.171875,
                        -0.234375,
                        0.7333333333333333
                    ]
                ]
            },
            "cluster_id": 6,
            "children": {}
        }
    }
}