{
    "state": {
        "red_army": [
            [
                0.046875,
                -0.640625,
                0.4666666666666667
            ]
        ],
        "blue_army": [
            [
                0.015625,
                -0.53125,
                0.4666666666666667
            ],
            [
                0.03125,
                -0.546875,
                0.06666666666666667
            ],
            [
                0.015625,
                -0.53125,
                0.3333333333333333
            ],
            [
                -0.140625,
                0.015625,
                0.4666666666666667
            ]
        ]
    },
    "cluster_id": 1,
    "children": {
        "0.5333333333333333": {
            "state": {
                "red_army": [
                    [
                        0.046875,
                        -0.671875,
                        0.4666666666666667
                    ]
                ],
                "blue_army": [
                    [
                        0.015625,
                        -0.546875,
                        0.4666666666666667
                    ],
                    [
                        0.03125,
                        -0.5625,
                        0.06666666666666667
                    ],
                    [
                        0.03125,
                        -0.546875,
                        0.3333333333333333
                    ],
                    [
                        -0.140625,
                        0.015625,
                        0.4666666666666667
                    ]
                ]
            },
            "cluster_id": 2,
            "children": {}
        },
        "0.8": {
            "state": {
                "red_army": [
                    [
                        0.0625,
                        -0.703125,
                        0.4666666666666667
                    ]
                ],
                "blue_army": [
                    [
                        0.03125,
                        -0.59375,
                        0.4666666666666667
                    ],
                    [
                        0.03125,
                        -0.609375,
                        0.06666666666666667
                    ],
                    [
                        0.03125,
                        -0.59375,
                        0.3333333333333333
                    ],
                    [
                        -0.140625,
                        0.015625,
                        0.4666666666666667
                    ]
                ]
            },
            "cluster_id": 3,
            "children": {}
        }
    }
}