{
    "state": {
        "red_army": [
            [
                -0.09375,
                -0.015625,
                1.0
            ],
            [
                -0.046875,
                -0.09375,
                0.06666666666666667
            ],
            [
                -0.21875,
                -0.109375,
                0.2
            ],
            [
                -0.203125,
                -0.015625,
                0.06666666666666667
            ],
            [
                -0.203125,
                0.0,
                0.2
            ],
            [
                -0.0625,
                -0.015625,
                0.3333333333333333
            ],
            [
                -0.21875,
                -0.140625,
                0.2
            ],
            [
                -0.046875,
                0.0,
                0.06666666666666667
            ]
        ],
        "blue_army": [
            [
                -0.015625,
                -0.125,
                0.2
            ],
            [
                -0.265625,
                0.046875,
                1.0
            ]
        ]
    },
    "cluster_id": 1,
    "children": {
        "0.6666666666666667": {
            "state": {
                "red_army": [
                    [
                        -0.078125,
                        -0.078125,
                        1.0
                    ],
                    [
                        -0.046875,
                        -0.09375,
                        0.06666666666666667
                    ],
                    [
                        -0.21875,
                        -0.0625,
                        0.06666666666666667
                    ],
                    [
                        -0.203125,
                        -0.015625,
                        0.06666666666666667
                    ],
                    [
                        -0.203125,
                        0.0,
                        0.2
                    ],
                    [
                        -0.046875,
                        -0.046875,
                        0.3333333333333333
                    ],
                    [
                        -0.21875,
                        -0.109375,
                        0.06666666666666667
                    ],
                    [
                        -0.03125,
                        -0.046875,
                        0.06666666666666667
                    ]
                ],
                "blue_army": [
                    [
                        -0.0625,
                        0.0625,
                        0.6
                    ],
                    [
                        -0.265625,
                        0.046875,
                        1.0
                    ]
                ]
            },
            "cluster_id": 2,
            "children": {}
        },
        "0.5333333333333334": {
            "state": {
                "red_army": [
                    [
                        -0.078125,
                        -0.078125,
                        1.0
                    ],
                    [
                        -0.046875,
                        -0.09375,
                        0.2
                    ],
                    [
                        -0.21875,
                        -0.078125,
                        0.06666666666666667
                    ],
                    [
                        -0.203125,
                        -0.015625,
                        0.06666666666666667
                    ],
                    [
                        -0.203125,
                        0.0,
                        0.06666666666666667
                    ],
                    [
                        -0.0625,
                        -0.015625,
                        0.3333333333333333
                    ],
                    [
                        -0.21875,
                        -0.125,
                        0.2
                    ],
                    [
                        -0.046875,
                        0.0,
                        0.06666666666666667
                    ]
                ],
                "blue_army": [
                    [
                        -0.0625,
                        0.0625,
                        0.3333333333333333
                    ],
                    [
                        -0.265625,
                        0.046875,
                        1.0
                    ]
                ]
            },
            "cluster_id": 3,
            "children": {
                "0.5333333333333334": {
                    "state": {
                        "red_army": [
                            [
                                -0.09375,
                                -0.015625,
                                1.0
                            ],
                            [
                                -0.046875,
                                -0.09375,
                                0.06666666666666667
                            ],
                            [
                                -0.21875,
                                -0.078125,
                                0.06666666666666667
                            ],
                            [
                                -0.203125,
                                -0.015625,
                                0.06666666666666667
                            ],
                            [
                                -0.203125,
                                0.0,
                                0.06666666666666667
                            ],
                            [
                                -0.0625,
                                -0.015625,
                                0.4666666666666667
                            ],
                            [
                                -0.21875,
                                -0.109375,
                                0.2
                            ],
                            [
                                -0.046875,
                                0.0,
                                0.06666666666666667
                            ]
                        ],
                        "blue_army": [
                            [
                                -0.015625,
                                -0.125,
                                0.06666666666666667
                            ],
                            [
                                -0.265625,
                                0.046875,
                                1.0
                            ]
                        ]
                    },
                    "cluster_id": 4,
                    "children": {}
                }
            }
        }
    }
}