{
    "state": {
        "red_army": [
            [
                -0.703125,
                0.265625,
                0.2
            ]
        ],
        "blue_army": [
            [
                -0.625,
                0.1875,
                0.3333333333333333
            ],
            [
                -0.625,
                0.203125,
                0.6
            ],
            [
                -0.625,
                0.1875,
                0.7333333333333333
            ]
        ]
    },
    "cluster_id": 1,
    "children": {}
}