{
    "state": {
        "red_army": [],
        "blue_army": [
            [
                -0.15625,
                0.03125,
                0.3333333333333333
            ],
            [
                -0.15625,
                0.0,
                0.2
            ]
        ]
    },
    "cluster_id": 1,
    "children": {
        "0.5333333333333333": {
            "state": {
                "red_army": [],
                "blue_army": [
                    [
                        -0.140625,
                        0.03125,
                        0.06666666666666667
                    ],
                    [
                        -0.15625,
                        0.0,
                        0.4666666666666667
                    ]
                ]
            },
            "cluster_id": 2,
            "children": {}
        },
        "0.6666666666666666": {
            "state": {
                "red_army": [],
                "blue_army": [
                    [
                        -0.125,
                        0.03125,
                        0.7333333333333333
                    ],
                    [
                        -0.140625,
                        0.015625,
                        0.4666666666666667
                    ]
                ]
            },
            "cluster_id": 3,
            "children": {
                "0.5333333333333333": {
                    "state": {
                        "red_army": [],
                        "blue_army": [
                            [
                                -0.125,
                                0.03125,
                                0.6
                            ],
                            [
                                -0.15625,
                                0.03125,
                                0.06666666666666667
                            ]
                        ]
                    },
                    "cluster_id": 5,
                    "children": {}
                }
            }
        },
        "0.9333333333333333": {
            "state": {
                "red_army": [],
                "blue_army": [
                    [
                        -0.125,
                        0.03125,
                        0.6
                    ],
                    [
                        -0.125,
                        0.0,
                        0.8666666666666667
                    ]
                ]
            },
            "cluster_id": 4,
            "children": {
                "0.8": {
                    "state": {
                        "red_army": [],
                        "blue_army": [
                            [
                                -0.125,
                                0.0,
                                0.4666666666666667
                            ],
                            [
                                -0.15625,
                                0.0,
                                1.0
                            ]
                        ]
                    },
                    "cluster_id": 6,
                    "children": {}
                }
            }
        }
    }
}