{
    "state": {
        "red_army": [
            [
                -0.15625,
                0.0625,
                1.0
            ],
            [
                -0.125,
                0.0,
                0.06666666666666667
            ],
            [
                -0.1875,
                -0.015625,
                0.2
            ],
            [
                -0.09375,
                0.0625,
                0.06666666666666667
            ]
        ],
        "blue_army": []
    },
    "cluster_id": 1,
    "children": {
        "1.6": {
            "state": {
                "red_army": [
                    [
                        -0.1875,
                        0.0625,
                        0.06666666666666667
                    ],
                    [
                        -0.09375,
                        -0.03125,
                        0.2
                    ],
                    [
                        -0.1875,
                        -0.03125,
                        0.06666666666666667
                    ],
                    [
                        -0.09375,
                        0.0625,
                        0.4666666666666667
                    ]
                ],
                "blue_army": []
            },
            "cluster_id": 2,
            "children": {}
        }
    }
}