{
    "state": {
        "red_army": [
            [
                -0.1875,
                0.046875,
                0.4666666666666667
            ],
            [
                -0.1875,
                -0.015625,
                0.2
            ],
            [
                -0.109375,
                0.046875,
                0.06666666666666667
            ]
        ],
        "blue_army": []
    },
    "cluster_id": 1,
    "children": {
        "0.5333333333333334": {
            "state": {
                "red_army": [
                    [
                        -0.1875,
                        0.046875,
                        0.06666666666666667
                    ],
                    [
                        -0.171875,
                        -0.015625,
                        0.06666666666666667
                    ],
                    [
                        -0.109375,
                        0.046875,
                        0.06666666666666667
                    ]
                ],
                "blue_army": []
            },
            "cluster_id": 2,
            "children": {
                "0.5333333333333333": {
                    "state": {
                        "red_army": [
                            [
                                -0.21875,
                                0.046875,
                                0.3333333333333333
                            ],
                            [
                                -0.203125,
                                0.0,
                                0.06666666666666667
                            ],
                            [
                                -0.15625,
                                0.046875,
                                0.3333333333333333
                            ]
                        ],
                        "blue_army": []
                    },
                    "cluster_id": 4,
                    "children": {}
                }
            }
        },
        "0.5333333333333333": {
            "state": {
                "red_army": [
                    [
                        -0.1875,
                        0.046875,
                        0.4666666666666667
                    ],
                    [
                        -0.171875,
                        -0.015625,
                        0.2
                    ],
                    [
                        -0.109375,
                        0.046875,
                        0.6
                    ]
                ],
                "blue_army": []
            },
            "cluster_id": 3,
            "children": {
                "1.0666666666666667": {
                    "state": {
                        "red_army": [
                            [
                                -0.09375,
                                -0.03125,
                                1.0
                            ],
                            [
                                -0.1875,
                                -0.03125,
                                0.2
                            ],
                            [
                                -0.09375,
                                0.0625,
                                0.06666666666666667
                            ]
                        ],
                        "blue_army": []
                    },
                    "cluster_id": 7,
                    "children": {}
                }
            }
        },
        "0.6666666666666666": {
            "state": {
                "red_army": [
                    [
                        -0.171875,
                        0.03125,
                        0.2
                    ],
                    [
                        -0.140625,
                        0.0,
                        0.06666666666666667
                    ],
                    [
                        -0.171875,
                        -0.015625,
                        0.6
                    ]
                ],
                "blue_army": []
            },
            "cluster_id": 5,
            "children": {}
        },
        "0.9333333333333333": {
            "state": {
                "red_army": [
                    [
                        -0.1875,
                        0.0625,
                        0.06666666666666667
                    ],
                    [
                        -0.09375,
                        -0.03125,
                        0.3333333333333333
                    ],
                    [
                        -0.1875,
                        -0.03125,
                        0.4666666666666667
                    ]
                ],
                "blue_army": []
            },
            "cluster_id": 6,
            "children": {}
        },
        "1.4666666666666668": {
            "state": {
                "red_army": [
                    [
                        -0.09375,
                        -0.03125,
                        0.06666666666666667
                    ],
                    [
                        -0.1875,
                        -0.03125,
                        0.6
                    ],
                    [
                        -0.09375,
                        0.0625,
                        0.7333333333333333
                    ]
                ],
                "blue_army": []
            },
            "cluster_id": 8,
            "children": {
                "1.6": {
                    "state": {
                        "red_army": [
                            [
                                -0.1875,
                                0.0625,
                                0.06666666666666667
                            ],
                            [
                                -0.09375,
                                -0.03125,
                                0.8666666666666667
                            ],
                            [
                                -0.1875,
                                -0.03125,
                                0.4666666666666667
                            ]
                        ],
                        "blue_army": []
                    },
                    "cluster_id": 14,
                    "children": {}
                },
                "1.3333333333333335": {
                    "state": {
                        "red_army": [
                            [
                                -0.1875,
                                0.0625,
                                0.06666666666666667
                            ],
                            [
                                -0.09375,
                                -0.03125,
                                0.4666666666666667
                            ],
                            [
                                -0.1875,
                                -0.03125,
                                0.8666666666666667
                            ]
                        ],
                        "blue_army": []
                    },
                    "cluster_id": 15,
                    "children": {}
                }
            }
        },
        "1.2000000000000002": {
            "state": {
                "red_army": [
                    [
                        -0.09375,
                        -0.03125,
                        0.06666666666666667
                    ],
                    [
                        -0.1875,
                        -0.03125,
                        0.06666666666666667
                    ],
                    [
                        -0.09375,
                        0.0625,
                        0.7333333333333333
                    ]
                ],
                "blue_army": []
            },
            "cluster_id": 9,
            "children": {}
        },