{
    "state": {
        "red_army": [],
        "blue_army": [
            [
                -0.15625,
                0.0,
                0.2
            ]
        ]
    },
    "cluster_id": 1,
    "children": {
        "0.5333333333333332": {
            "state": {
                "red_army": [],
                "blue_army": [
                    [
                        -0.125,
                        0.0,
                        0.7333333333333333
                    ]
                ]
            },
            "cluster_id": 2,
            "children": {}
        }
    }
}