{
    "state": {
        "red_army": [
            [
                -0.109375,
                -0.03125,
                0.4666666666666667
            ],
            [
                -0.125,
                -0.03125,
                0.06666666666666667
            ]
        ],
        "blue_army": [
            [
                -0.03125,
                -0.03125,
                0.06666666666666667
            ]
        ]
    },
    "cluster_id": 1,
    "children": {
        "0.9333333333333333": {
            "state": {
                "red_army": [
                    [
                        -0.125,
                        0.0,
                        0.2
                    ],
                    [
                        -0.140625,
                        0.0,
                        0.06666666666666667
                    ]
                ],
                "blue_army": [
                    [
                        0.0,
                        -0.046875,
                        0.7333333333333333
                    ]
                ]
            },
            "cluster_id": 2,
            "children": {}
        }
    }
}