{
    "state": {
        "red_army": [
            [
                -0.09375,
                -0.03125,
                0.2
            ],
            [
                -0.109375,
                -0.03125,
                1.0
            ]
        ],
        "blue_army": [
            [
                -0.015625,
                -0.03125,
                0.7333333333333333
            ],
            [
                -0.125,
                -0.09375,
                0.7333333333333333
            ],
            [
                -0.09375,
                -0.09375,
                0.6
            ],
            [
                -0.09375,
                -0.046875,
                0.06666666666666667
            ]
        ]
    },
    "cluster_id": 1,
    "children": {
        "2.1333333333333337": {
            "state": {
                "red_army": [
                    [
                        -0.15625,
                        -0.015625,
                        1.0
                    ],
                    [
                        -0.171875,
                        -0.015625,
                        1.0
                    ]
                ],
                "blue_army": [
                    [
                        -0.015625,
                        -0.03125,
                        0.8666666666666667
                    ],
                    [
                        -0.09375,
                        -0.078125,
                        0.6
                    ],
                    [
                        0.0,
                        -0.046875,
                        1.0
                    ],
                    [
                        -0.09375,
                        -0.09375,
                        0.7333333333333333
                    ]
                ]
            },
            "cluster_id": 2,
            "children": {
                "0.5333333333333332": {
                    "state": {
                        "red_army": [
                            [
                                -0.15625,
                                -0.015625,
                                0.8666666666666667
                            ],
                            [
                                -0.15625,
                                -0.015625,
                                0.8666666666666667
                            ]
                        ],
                        "blue_army": [
                            [
                                -0.015625,
                                -0.03125,
                                0.8666666666666667
                            ],
                            [
                                -0.09375,
                                -0.078125,
                                0.3333333333333333
                            ],
                            [
                                0.0,
                                -0.046875,
                                1.0
                            ],
                            [
                                -0.109375,
                                -0.09375,
                                0.7333333333333333
                            ]
                        ]
                    },
                    "cluster_id": 3,
                    "children": {}
                }
            }
        },
        "2.4": {
            "state": {
                "red_army": [
                    [
                        -0.140625,
                        -0.015625,
                        0.7333333333333333
                    ],
                    [
                        -0.15625,
                        -0.015625,
                        0.7333333333333333
                    ]
                ],
                "blue_army": [
                    [
                        -0.015625,
                        -0.03125,
                        0.8666666666666667
                    ],
                    [
                        -0.09375,
                        -0.078125,
                        0.06666666666666667
                    ],
                    [
                        0.0,
                        -0.046875,
                        1.0
                    ],
                    [
                        -0.109375,
                        -0.09375,
                        0.7333333333333333
                    ]
                ]
            },
            "cluster_id": 4,
            "children": {}
        },
        "2.2666666666666666": {
            "state": {
                "red_army": [
                    [
                        -0.171875,
                        0.0,
                        1.0
                    ],
                    [
                        -0.140625,
                        0.015625,
                        1.0
                    ]
                ],
                "blue_army": [
                    [
                        0.0,
                        -0.046875,
                        0.4666666666666667
                    ],
                    [
                        -0.109375,
                        -0.0625,
                        0.7333333333333333
                    ],
                    [
                        0.0,
                        -0.046875,
                        0.8666666666666667
                    ],
                    [
                        -0.125,
                        -0.078125,
                        1.0
                    ]
                ]
            },
            "cluster_id": 5,
            "children": {}
        },
        "1.7333333333333334": {
            "state": {
                "red_army": [
                    [
                        -0.171875,
                        0.0,
                        1.0
                    ],
                    [
                        -0.140625,
                        0.015625,
                        0.7333333333333333
                    ]
                ],
                "blue_army": [
                    [
                        0.0,
                        -0.046875,
                        0.4666666666666667
                    ],
                    [
                        -0.109375,
                        -0.0625,
                        0.4666666666666667
                    ],
                    [
                        0.0,
                        -0.046875,
                        0.8666666666666667
                    ],
                    [
                        -0.125,
                        -0.078125,
                        1.0
                    ]
                ]
            },
            "cluster_id": 6,
            "children": {}
        },
        "1.2000000000000002": {
            "state": {
                "red_army": [
                    [
                        -0.171875,
                        0.0,
                        1.0
                    ],
                    [
                        -0.140625,
                        0.015625,
                        0.4666666666666667
                    ]
                ],
                "blue_army": [
                    [
                        0.0,
                        -0.046875,
                        0.4666666666666667
                    ],
                    [
                        -0.109375,
                        -0.0625,
                        0.2
                    ],
                    [
                        0.0,
                        -0.046875,
                        0.8666666666666667
                    ],
                    [
                        -0.125,
                        -0.078125,
                        1.0
                    ]
                ]
            },
            "cluster_id": 7,
            "children": {}
        }
    }
}