{
    "state": {
        "red_army": [
            [
                -0.09375,
                -0.015625,
                0.06666666666666667
            ]
        ],
        "blue_army": [
            [
                0.0,
                -0.046875,
                0.3333333333333333
            ]
        ]
    },
    "cluster_id": 1,
    "children": {
        "0.9333333333333335": {
            "state": {
                "red_army": [
                    [
                        -0.125,
                        -0.015625,
                        0.4666666666666667
                    ]
                ],
                "blue_army": [
                    [
                        -0.015625,
                        -0.03125,
                        0.8666666666666667
                    ]
                ]
            },
            "cluster_id": 2,
            "children": {}
        },
        "1.4666666666666668": {
            "state": {
                "red_army": [
                    [
                        -0.109375,
                        -0.015625,
                        1.0
                    ]
                ],
                "blue_army": [
                    [
                        -0.015625,
                        -0.03125,
                        0.8666666666666667
                    ]
                ]
            },
            "cluster_id": 3,
            "children": {}
        },
        "0.6666666666666667": {
            "state": {
                "red_army": [
                    [
                        -0.078125,
                        -0.03125,
                        0.6
                    ]
                ],
                "blue_army": [
                    [
                        -0.015625,
                        -0.03125,
                        0.4666666666666667
                    ]
                ]
            },
            "cluster_id": 4,
            "children": {}
        }
    }
}