{
    "state": {
        "red_army": [
            [
                -0.109375,
                0.03125,
                0.2
            ]
        ],
        "blue_army": [
            [
                -0.015625,
                0.046875,
                0.7333333333333333
            ],
            [
                -0.09375,
                0.09375,
                0.3333333333333333
            ]
        ]
    },
    "cluster_id": 1,
    "children": {
        "1.2000000000000002": {
            "state": {
                "red_army": [
                    [
                        -0.109375,
                        -0.015625,
                        1.0
                    ]
                ],
                "blue_army": [
                    [
                        -0.015625,
                        -0.03125,
                        0.8666666666666667
                    ],
                    [
                        -0.109375,
                        -0.078125,
                        0.06666666666666667
                    ]
                ]
            },
            "cluster_id": 2,
            "children": {}
        },
        "0.6666666666666667": {
            "state": {
                "red_army": [
                    [
                        -0.09375,
                        -0.046875,
                        0.8666666666666667
                    ]
                ],
                "blue_army": [
                    [
                        -0.125,
                        -0.09375,
                        0.3333333333333333
                    ],
                    [
                        -0.015625,
                        -0.03125,
                        0.7333333333333333
                    ]
                ]
            },
            "cluster_id": 3,
            "children": {}
        },
        "0.9333333333333333": {
            "state": {
                "red_army": [
                    [
                        -0.109375,
                        -0.015625,
                        0.2
                    ]
                ],
                "blue_army": [
                    [
                        -0.015625,
                        -0.03125,
                        0.4666666666666667
                    ],
                    [
                        -0.015625,
                        -0.046875,
                        1.0
                    ]
                ]
            },
            "cluster_id": 4,
            "children": {}
        }
    }
}