{
    "state": {
        "red_army": [
            [
                -0.171875,
                0.03125,
                1.0
            ],
            [
                -0.140625,
                0.046875,
                1.0
            ],
            [
                -0.171875,
                0.03125,
                0.3333333333333333
            ]
        ],
        "blue_army": [
            [
                0.0,
                -0.046875,
                0.4666666666666667
            ],
            [
                -0.109375,
                -0.078125,
                0.7333333333333333
            ],
            [
                0.0,
                -0.046875,
                0.8666666666666667
            ],
            [
                -0.140625,
                -0.078125,
                0.3333333333333333
            ],
            [
                -0.125,
                -0.078125,
                1.0
            ]
        ]
    },
    "cluster_id": 1,
    "children": {}
}