{
    "state": {
        "red_army": [
            [
                -0.125,
                -0.015625,
                1.0
            ],
            [
                -0.140625,
                -0.03125,
                0.06666666666666667
            ],
            [
                -0.15625,
                -0.015625,
                0.06666666666666667
            ]
        ],
        "blue_army": [
            [
                -0.015625,
                -0.03125,
                1.0
            ]
        ]
    },
    "cluster_id": 1,
    "children": {
        "0.5333333333333334": {
            "state": {
                "red_army": [
                    [
                        -0.109375,
                        -0.015625,
                        0.7333333333333333
                    ],
                    [
                        -0.140625,
                        -0.015625,
                        0.06666666666666667
                    ],
                    [
                        -0.15625,
                        -0.015625,
                        0.06666666666666667
                    ]
                ],
                "blue_army": [
                    [
                        -0.03125,
                        -0.03125,
                        0.7333333333333333
                    ]
                ]
            },
            "cluster_id": 2,
            "children": {}
        },
        "2.1333333333333337": {
            "state": {
                "red_army": [
                    [
                        -0.109375,
                        -0.03125,
                        0.4666666666666667
                    ],
                    [
                        -0.09375,
                        -0.03125,
                        0.06666666666666667
                    ],
                    [
                        -0.125,
                        -0.03125,
                        0.06666666666666667
                    ]
                ],
                "blue_army": [
                    [
                        -0.03125,
                        -0.03125,
                        0.2
                    ]
                ]
            },
            "cluster_id": 3,
            "children": {}
        }
    }
}