{
    "state": {
        "red_army": [
            [
                -0.171875,
                0.0,
                1.0
            ],
            [
                -0.171875,
                -0.015625,
                0.6
            ],
            [
                -0.171875,
                0.0,
                0.06666666666666667
            ],
            [
                -0.078125,
                -0.03125,
                0.06666666666666667
            ]
        ],
        "blue_army": [
            [
                -0.015625,
                -0.03125,
                1.0
            ],
            [
                -0.09375,
                -0.09375,
                1.0
            ]
        ]
    },
    "cluster_id": 1,
    "children": {}
}