{
    "state": {
        "red_army": [
            [
                -0.0625,
                -0.046875,
                0.8666666666666667
            ],
            [
                -0.15625,
                -0.03125,
                1.0
            ],
            [
                -0.125,
                -0.03125,
                1.0
            ],
            [
                -0.140625,
                -0.046875,
                0.8666666666666667
            ],
            [
                -0.125,
                -0.03125,
                0.7333333333333333
            ]
        ],
        "blue_army": [
            [
                0.0,
                -0.046875,
                0.4666666666666667
            ],
            [
                -0.125,
                -0.09375,
                0.6
            ],
            [
                -0.09375,
                -0.09375,
                1.0
            ],
            [
                0.0,
                -0.046875,
                0.8666666666666667
            ],
            [
                -0.125,
                -0.09375,
                1.0
            ],
            [
                -0.09375,
                -0.09375,
                1.0
            ]
        ]
    },
    "cluster_id": 1,
    "children": {}
}