{
    "state": {
        "red_army": [],
        "blue_army": [
            [
                -0.03125,
                0.046875,
                0.7333333333333333
            ],
            [
                -0.09375,
                0.09375,
                0.2
            ]
        ]
    },
    "cluster_id": 1,
    "children": {
        "1.2": {
            "state": {
                "red_army": [],
                "blue_army": [
                    [
                        -0.015625,
                        -0.03125,
                        0.3333333333333333
                    ],
                    [
                        -0.015625,
                        -0.046875,
                        1.0
                    ]
                ]
            },
            "cluster_id": 2,
            "children": {}
        }
    }
}