{
    "state": {
        "red_army": [
            [
                -0.109375,
                -0.03125,
                0.4666666666666667
            ],
            [
                -0.125,
                -0.03125,
                0.06666666666666667
            ]
        ],
        "blue_army": []
    },
    "cluster_id": 1,
    "children": {}
}