{
    "state": {
        "red_army": [
            [
                -0.0625,
                -0.03125,
                0.8666666666666667
            ],
            [
                -0.140625,
                -0.03125,
                1.0
            ],
            [
                -0.109375,
                -0.046875,
                0.8666666666666667
            ],
            [
                -0.140625,
                -0.015625,
                0.6
            ],
            [
                -0.125,
                -0.015625,
                1.0
            ],
            [
                -0.140625,
                -0.046875,
                0.7333333333333333
            ],
            [
                -0.03125,
                -0.046875,
                0.8666666666666667
            ],
            [
                -0.15625,
                -0.046875,
                1.0
            ]
        ],
        "blue_army": [
            [
                -0.015625,
                -0.03125,
                0.8666666666666667
            ],
            [
                -0.125,
                -0.09375,
                0.7333333333333333
            ],
            [
                -0.09375,
                -0.09375,
                1.0
            ],
            [
                -0.09375,
                -0.046875,
                0.8666666666666667
            ],
            [
                0.0,
                -0.046875,
                1.0
            ],
            [
                -0.125,
                -0.09375,
                1.0
            ],
            [
                -0.09375,
                -0.09375,
                1.0
            ],
            [
                -0.09375,
                -0.046875,
                1.0
            ]
        ]
    },
    "cluster_id": 1,
    "children": {
        "2.2666666666666666": {
            "state": {
                "red_army": [
                    [
                        -0.078125,
                        -0.03125,
                        0.7333333333333333
                    ],
                    [
                        -0.140625,
                        -0.03125,
                        1.0
                    ],
                    [
                        -0.109375,
                        -0.046875,
                        0.7333333333333333
                    ],
                    [
                        -0.125,
                        -0.015625,
                        0.3333333333333333
                    ],
                    [
                        -0.125,
                        -0.015625,
                        1.0
                    ],
                    [
                        -0.125,
                        -0.03125,
                        0.4666666666666667
                    ],
                    [
                        -0.0625,
                        -0.046875,
                        0.7333333333333333
                    ],
                    [
                        -0.15625,
                        -0.03125,
                        1.0
                    ]
                ],
                "blue_army": [
                    [
                        -0.015625,
                        -0.03125,
                        0.8666666666666667
                    ],
                    [
                        -0.125,
                        -0.09375,
                        0.7333333333333333
                    ],
                    [
                        -0.09375,
                        -0.09375,
                        1.0
                    ],
                    [
                        -0.09375,
                        -0.046875,
                        0.3333333333333333
                    ],
                    [
                        0.0,
                        -0.046875,
                        1.0
                    ],
                    [
                        -0.125,
                        -0.09375,
                        1.0
                    ],
                    [
                        -0.09375,
                        -0.09375,
                        1.0
                    ],
                    [
                        -0.09375,
                        -0.046875,
                        1.0
                    ]
                ]
            },
            "cluster_id": 2,
            "children": {}
        },
        "3.066666666666667": {
            "state": {
                "red_army": [
                    [
                        -0.078125,
                        -0.03125,
                        0.7333333333333333
                    ],
                    [
                        -0.140625,
                        -0.03125,
                        1.0
                    ],
                    [
                        -0.109375,
                        -0.046875,
                        0.7333333333333333
                    ],
                    [
                        -0.125,
                        -0.015625,
                        0.2
                    ],
                    [
                        -0.125,
                        -0.015625,
                        1.0
                    ],
                    [
                        -0.125,
                        -0.03125,
                        0.4666666666666667
                    ],
                    [
                        -0.0625,
                        -0.046875,
                        0.7333333333333333
                    ],
                    [
                        -0.15625,
                        -0.03125,
                        1.0
                    ]
                ],
                "blue_army": [
                    [
                        -0.015625,
                        -0.03125,
                        0.8666666666666667
                    ],
                    [
                        -0.125,
                        -0.09375,
                        0.7333333333333333
                    ],
                    [
                        -0.09375,
                        -0.09375,
                        1.0
                    ],
                    [
                        -0.09375,
                        -0.046875,
                        0.3333333333333333
                    ],
                    [
                        0.0,
                        -0.046875,
                        1.0
                    ],
                    [
                        -0.125,
                        -0.09375,
                        1.0
                    ],
                    [
                        -0.09375,
                        -0.09375,
                        1.0
                    ],
                    [
                        -0.09375,
                        -0.046875,
                        0.3333333333333333
                    ]
                ]
            },
            "cluster_id": 3,
            "children": {}
        },