{
    "state": {
        "red_army": [
            [
                -0.15625,
                -0.015625,
                1.0
            ],
            [
                -0.15625,
                -0.015625,
                0.4666666666666667
            ],
            [
                -0.171875,
                -0.015625,
                0.06666666666666667
            ]
        ],
        "blue_army": [
            [
                -0.015625,
                -0.03125,
                1.0
            ],
            [
                -0.09375,
                -0.09375,
                1.0
            ]
        ]
    },
    "cluster_id": 1,
    "children": {
        "1.0666666666666669": {
            "state": {
                "red_army": [
                    [
                        -0.125,
                        -0.015625,
                        1.0
                    ],
                    [
                        -0.140625,
                        -0.03125,
                        0.3333333333333333
                    ],
                    [
                        -0.15625,
                        -0.015625,
                        0.06666666666666667
                    ]
                ],
                "blue_army": [
                    [
                        -0.015625,
                        -0.03125,
                        1.0
                    ],
                    [
                        -0.09375,
                        -0.09375,
                        0.6
                    ]
                ]
            },
            "cluster_id": 2,
            "children": {}
        },
        "1.3333333333333335": {
            "state": {
                "red_army": [
                    [
                        -0.125,
                        -0.015625,
                        1.0
                    ],
                    [
                        -0.140625,
                        -0.03125,
                        0.2
                    ],
                    [
                        -0.15625,
                        -0.015625,
                        0.06666666666666667
                    ]
                ],
                "blue_army": [
                    [
                        -0.015625,
                        -0.03125,
                        1.0
                    ],
                    [
                        -0.09375,
                        -0.09375,
                        0.2
                    ]
                ]
            },
            "cluster_id": 3,
            "children": {}
        }
    }
}