{
    "state": {
        "red_army": [
            [
                -0.125,
                0.015625,
                1.0
            ],
            [
                -0.03125,
                0.046875,
                1.0
            ],
            [
                -0.15625,
                0.046875,
                1.0
            ],
            [
                -0.125,
                0.046875,
                1.0
            ]
        ],
        "blue_army": [
            [
                0.0,
                0.046875,
                1.0
            ],
            [
                -0.09375,
                0.046875,
                1.0
            ],
            [
                -0.125,
                0.09375,
                1.0
            ],
            [
                -0.09375,
                0.09375,
                1.0
            ]
        ]
    },
    "cluster_id": 1,
    "children": {
        "1.0": {
            "state": {
                "red_army": [
                    [
                        -0.03125,
                        0.046875,
                        0.6
                    ],
                    [
                        -0.15625,
                        0.046875,
                        0.8666666666666667
                    ],
                    [
                        -0.125,
                        0.046875,
                        1.0
                    ]
                ],
                "blue_army": [
                    [
                        0.0,
                        0.046875,
                        0.7333333333333333
                    ],
                    [
                        -0.09375,
                        0.046875,
                        0.4666666666666667
                    ],
                    [
                        -0.125,
                        0.09375,
                        0.7333333333333333
                    ],
                    [
                        -0.09375,
                        0.09375,
                        0.4666666666666667
                    ]
                ]
            },
            "cluster_id": 2,
            "children": {}
        },
        "2.059819173824159": {
            "state": {
                "red_army": [
                    [
                        -0.046875,
                        0.046875,
                        0.2
                    ],
                    [
                        -0.171875,
                        0.03125,
                        0.7333333333333333
                    ],
                    [
                        -0.140625,
                        0.03125,
                        0.6
                    ]
                ],
                "blue_army": [
                    [
                        0.0,
                        0.046875,
                        0.7333333333333333
                    ],
                    [
                        -0.125,
                        0.09375,
                        0.4666666666666667
                    ],
                    [
                        -0.09375,
                        0.09375,
                        0.4666666666666667
                    ]
                ]
            },
            "cluster_id": 3,
            "children": {}
        },
        "3.044194173824159": {
            "state": {
                "red_army": [
                    [
                        -0.171875,
                        0.03125,
                        0.7333333333333333
                    ],
                    [
                        -0.140625,
                        0.03125,
                        0.3333333333333333
                    ]
                ],
                "blue_army": [
                    [
                        0.0,
                        0.046875,
                        0.6
                    ],
                    [
                        -0.125,
                        0.09375,
                        0.2
                    ],
                    [
                        -0.09375,
                        0.09375,
                        0.4666666666666667
                    ]
                ]
            },
            "cluster_id": 4,
            "children": {}
        },
        "4.07544417382416": {
            "state": {
                "red_army": [
                    [
                        -0.171875,
                        0.03125,
                        0.7333333333333333
                    ],
                    [
                        -0.140625,
                        0.03125,
                        0.2
                    ]
                ],
                "blue_army": [
                    [
                        -0.03125,
                        0.046875,
                        0.6
                    ],
                    [
                        -0.09375,
                        0.09375,
                        0.4666666666666667
                    ]
                ]
            },
            "cluster_id": 5,
            "children": {}
        },
        "5.046875": {
            "state": {
                "red_army": [
                    [
                        -0.15625,
                        0.046875,
                        0.7333333333333333
                    ]
                ],
                "blue_army": [
                    [
                        -0.046875,
                        0.046875,
                        0.6
                    ],
                    [
                        -0.09375,
                        0.09375,
                        0.2
                    ]
                ]
            },
            "cluster_id": 6,
            "children": {}
        },
        "6.015625": {
            "state": {
                "red_army": [
                    [
                        -0.15625,
                        0.046875,
                        0.4666666666666667
                    ]
                ],
                "blue_army": [
                    [
                        -0.078125,
                        0.046875,
                        0.6
                    ]
                ]
            },
            "cluster_id": 7,
            "children": {}
        },
        "7.015625": {
            "state": {
                "red_army": [],
                "blue_army": [
                    [
                        -0.078125,
                        0.046875,
                        0.06666666666666667
                    ]
                ]
            },
            "cluster_id": 8,
            "children": {}
        },
        "3.4419831561392145": {
            "state": {
                "red_army": [
                    [
                        -0.109375,
                        -0.015625,
                        0.4666666666666667
                    ],
                    [
                        -0.109375,
                        -0.015625,
                        0.06666666666666667
                    ],
                    [
                        -0.078125,
                        -0.046875,
                        0.06666666666666667
                    ]
                ],
                "blue_army": [
                    [
                        0.0,
                        -0.046875,
                        1.0
                    ],
                    [
                        -0.125,
                        -0.09375,
                        1.0
                    ]
                ]
            },
            "cluster_id": 9,
            "children": {}
        },