{
    "state": {
        "red_army": [
            [
                -0.109375,
                -0.015625,
                0.4666666666666667
            ],
            [
                -0.109375,
                -0.015625,
                0.06666666666666667
            ],
            [
                -0.078125,
                -0.046875,
                0.06666666666666667
            ]
        ],
        "blue_army": [
            [
                0.0,
                -0.046875,
                1.0
            ],
            [
                -0.125,
                -0.09375,
                1.0
            ]
        ]
    },
    "cluster_id": 1,
    "children": {
        "1.6": {
            "state": {
                "red_army": [
                    [
                        -0.125,
                        -0.015625,
                        1.0
                    ],
                    [
                        -0.15625,
                        -0.046875,
                        0.06666666666666667
                    ],
                    [
                        -0.03125,
                        -0.046875,
                        0.06666666666666667
                    ]
                ],
                "blue_army": [
                    [
                        0.0,
                        -0.046875,
                        0.3333333333333333
                    ],
                    [
                        -0.09375,
                        -0.09375,
                        0.6
                    ]
                ]
            },
            "cluster_id": 2,
            "children": {
                "2.4": {
                    "state": {
                        "red_army": [
                            [
                                -0.15625,
                                -0.046875,
                                1.0
                            ],
                            [
                                -0.046875,
                                -0.046875,
                                0.3333333333333333
                            ],
                            [
                                -0.125,
                                -0.046875,
                                0.2
                            ]
                        ],
                        "blue_army": [
                            [
                                0.0,
                                -0.046875,
                                0.4666666666666667
                            ],
                            [
                                -0.09375,
                                -0.09375,
                                0.8666666666666667
                            ]
                        ]
                    },
                    "cluster_id": 7,
                    "children": {}
                },
                "2.1333333333333333": {
                    "state": {
                        "red_army": [
                            [
                                -0.140625,
                                -0.03125,
                                1.0
                            ],
                            [
                                -0.046875,
                                -0.046875,
                                0.06666666666666667
                            ],
                            [
                                -0.109375,
                                -0.03125,
                                0.06666666666666667
                            ]
                        ],
                        "blue_army": [
                            [
                                0.0,
                                -0.046875,
                                0.4666666666666667
                            ],
                            [
                                -0.09375,
                                -0.09375,
                                0.4666666666666667
                            ]
                        ]
                    },
                    "cluster_id": 8,
                    "children": {}
                }
            }
        },
        "1.2000000000000002": {
            "state": {
                "red_army": [
                    [
                        -0.125,
                        -0.03125,
                        0.3333333333333333
                    ],
                    [
                        -0.140625,
                        -0.03125,
                        0.6
                    ],
                    [
                        -0.0625,
                        -0.03125,
                        0.2
                    ]
                ],
                "blue_army": [
                    [
                        0.0,
                        -0.046875,
                        0.8666666666666667
                    ],
                    [
                        -0.125,
                        -0.09375,
                        0.7333333333333333
                    ]
                ]
            },
            "cluster_id": 3,
            "children": {
                "1.0666666666666669": {
                    "state": {
                        "red_army": [
                            [
                                -0.140625,
                                -0.046875,
                                0.7333333333333333
                            ],
                            [
                                -0.109375,
                                -0.046875,
                                0.2
                            ],
                            [
                                -0.046875,
                                -0.046875,
                                0.2
                            ]
                        ],
                        "blue_army": [
                            [
                                0.0,
                                -0.046875,
                                0.3333333333333333
                            ],
                            [
                                -0.09375,
                                -0.09375,
                                1.0
                            ]
                        ]
                    },
                    "cluster_id": 5,
                    "children": {}
                }
            }
        },
        "1.0666666666666669": {
            "state": {
                "red_army": [
                    [
                        -0.125,
                        -0.015625,
                        1.0
                    ],
                    [
                        -0.0625,
                        -0.046875,
                        0.06666666666666667
                    ],
                    [
                        -0.140625,
                        -0.03125,
                        0.06666666666666667
                    ]
                ],
                "blue_army": [
                    [
                        -0.125,
                        -0.09375,
                        0.7333333333333333
                    ],
                    [
                        -0.015625,
                        -0.03125,
                        0.7333333333333333
                    ]
                ]
            },
            "cluster_id": 4,
            "children": {}
        },
        "1.3333333333333335": {
            "state": {
                "red_army": [
                    [
                        -0.140625,
                        -0.046875,
                        0.7333333333333333
                    ],
                    [
                        -0.109375,
                        -0.046875,
                        0.06666666666666667
                    ],
                    [
                        -0.046875,
                        -0.046875,
                        0.06666666666666667
                    ]
                ],