{
    "state": {
        "red_army": [
            [
                -0.140625,
                -0.03125,
                1.0
            ],
            [
                -0.078125,
                -0.046875,
                0.2
            ],
            [
                -0.125,
                -0.03125,
                0.06666666666666667
            ],
            [
                -0.125,
                -0.03125,
                0.2
            ]
        ],
        "blue_army": [
            [
                0.0,
                -0.03125,
                0.7333333333333333
            ]
        ]
    },
    "cluster_id": 1,
    "children": {
        "2.1333333333333333": {
            "state": {
                "red_army": [
                    [
                        -0.109375,
                        -0.03125,
                        1.0
                    ],
                    [
                        -0.078125,
                        -0.046875,
                        0.06666666666666667
                    ],
                    [
                        -0.09375,
                        -0.03125,
                        0.06666666666666667
                    ],
                    [
                        -0.109375,
                        -0.03125,
                        0.2
                    ]
                ],
                "blue_army": [
                    [
                        0.0,
                        -0.03125,
                        0.6
                    ]
                ]
            },
            "cluster_id": 2,
            "children": {}
        }
    }
}