{
    "state": {
        "red_army": [
            [
                -0.09375,
                -0.015625,
                1.0
            ],
            [
                -0.09375,
                -0.03125,
                0.06666666666666667
            ],
            [
                -0.09375,
                -0.046875,
                0.2
            ]
        ],
        "blue_army": [
            [
                0.0,
                -0.03125,
                0.3333333333333333
            ]
        ]
    },
    "cluster_id": 1,
    "children": {}
}