{
    "state": {
        "red_army": [
            [
                -0.171875,
                0.0,
                0.3333333333333333
            ]
        ],
        "blue_army": [
            [
                -0.015625,
                -0.03125,
                0.7333333333333333
            ],
            [
                -0.125,
                -0.09375,
                0.6
            ],
            [
                -0.109375,
                -0.078125,
                0.8666666666666667
            ],
            [
                -0.09375,
                -0.046875,
                0.06666666666666667
            ]
        ]
    },
    "cluster_id": 1,
    "children": {}
}