{
    "state": {
        "red_army": [
            [
                -0.109375,
                -0.03125,
                0.7333333333333333
            ],
            [
                -0.109375,
                -0.015625,
                0.06666666666666667
            ]
        ],
        "blue_army": []
    },
    "cluster_id": 1,
    "children": {
        "1.3333333333333333": {
            "state": {
                "red_army": [
                    [
                        -0.21875,
                        0.21875,
                        0.7333333333333333
                    ],
                    [
                        -0.21875,
                        0.21875,
                        0.06666666666666667
                    ]
                ],
                "blue_army": []
            },
            "cluster_id": 2,
            "children": {}
        },
        "0.5333333333333332": {
            "state": {
                "red_army": [
                    [
                        -0.09375,
                        -0.03125,
                        0.06666666666666667
                    ],
                    [
                        -0.09375,
                        -0.046875,
                        0.2
                    ]
                ],
                "blue_army": []
            },
            "cluster_id": 3,
            "children": {}
        }
    }
}