{
    "state": {
        "red_army": [
            [
                -0.1875,
                0.0625,
                0.06666666666666667
            ]
        ],
        "blue_army": []
    },
    "cluster_id": 1,
    "children": {
        "0.5333333333333333": {
            "state": {
                "red_army": [
                    [
                        -0.125,
                        -0.0625,
                        0.6
                    ]
                ],
                "blue_army": []
            },
            "cluster_id": 2,
            "children": {}
        }
    }
}