{
    "state": {
        "red_army": [
            [
                -0.609375,
                0.265625,
                0.06666666666666667
            ],
            [
                -0.625,
                0.25,
                0.3333333333333333
            ]
        ],
        "blue_army": [
            [
                -0.140625,
                0.015625,
                0.4666666666666667
            ],
            [
                -0.15625,
                0.03125,
                0.3333333333333333
            ],
            [
                -0.140625,
                0.015625,
                0.6
            ],
            [
                -0.15625,
                0.0,
                0.7333333333333333
            ],
            [
                -0.515625,
                0.234375,
                0.6
            ]
        ]
    },
    "cluster_id": 1,
    "children": {
        "0.5333333333333333": {
            "state": {
                "red_army": [
                    [
                        -0.65625,
                        0.265625,
                        0.06666666666666667
                    ],
                    [
                        -0.65625,
                        0.265625,
                        0.3333333333333333
                    ]
                ],
                "blue_army": [
                    [
                        -0.140625,
                        0.015625,
                        0.4666666666666667
                    ],
                    [
                        -0.15625,
                        0.03125,
                        0.3333333333333333
                    ],
                    [
                        -0.140625,
                        0.015625,
                        0.6
                    ],
                    [
                        -0.15625,
                        0.0,
                        0.7333333333333333
                    ],
                    [
                        -0.5625,
                        0.25,
                        0.6
                    ]
                ]
            },
            "cluster_id": 2,
            "children": {}
        }
    }
}