{
    "state": {
        "red_army": [
            [
                -0.234375,
                0.046875,
                0.7333333333333333
            ],
            [
                -0.21875,
                0.03125,
                0.06666666666666667
            ],
            [
                -0.265625,
                0.109375,
                0.6
            ],
            [
                -0.203125,
                0.0625,
                0.06666666666666667
            ],
            [
                -0.328125,
                -0.078125,
                0.06666666666666667
            ],
            [
                -0.28125,
                0.109375,
                0.3333333333333333
            ]
        ],
        "blue_army": [
            [
                -0.109375,
                -0.03125,
                0.4666666666666667
            ],
            [
                -0.078125,
                -0.0625,
                1.0
            ],
            [
                -0.203125,
                -0.09375,
                0.4666666666666667
            ],
            [
                -0.09375,
                -0.015625,
                0.8666666666666667
            ],
            [
                -0.25,
                -0.140625,
                1.0
            ],
            [
                -0.109375,
                0.03125,
                1.0
            ]
        ]
    },
    "cluster_id": 1,
    "children": {}
}