{
    "state": {
        "red_army": [
            [
                -0.421875,
                0.328125,
                0.06666666666666667
            ],
            [
                -0.4375,
                0.328125,
                0.2
            ]
        ],
        "blue_army": [
            [
                -0.140625,
                0.015625,
                0.06666666666666667
            ],
            [
                -0.15625,
                0.015625,
                0.2
            ],
            [
                -0.140625,
                0.015625,
                0.4666666666666667
            ]
        ]
    },
    "cluster_id": 1,
    "children": {}
}