{
    "state": {
        "red_army": [
            [
                -0.515625,
                -0.1875,
                0.3333333333333333
            ],
            [
                -0.53125,
                -0.203125,
                0.06666666666666667
            ]
        ],
        "blue_army": [
            [
                -0.140625,
                0.015625,
                0.3333333333333333
            ],
            [
                -0.140625,
                0.015625,
                0.06666666666666667
            ],
            [
                -0.15625,
                0.015625,
                1.0
            ]
        ]
    },
    "cluster_id": 1,
    "children": {
        "0.5333333333333333": {
            "state": {
                "red_army": [
                    [
                        -0.515625,
                        -0.234375,
                        0.3333333333333333
                    ],
                    [
                        -0.515625,
                        -0.234375,
                        0.06666666666666667
                    ]
                ],
                "blue_army": [
                    [
                        -0.140625,
                        0.015625,
                        0.3333333333333333
                    ],
                    [
                        -0.140625,
                        0.015625,
                        0.06666666666666667
                    ],
                    [
                        -0.15625,
                        0.015625,
                        1.0
                    ]
                ]
            },
            "cluster_id": 2,
            "children": {}
        }
    }
}