{
    "state": {
        "red_army": [
            [
                -0.75,
                0.4375,
                0.4666666666666667
            ]
        ],
        "blue_army": [
            [
                -0.140625,
                0.0,
                0.4666666666666667
            ],
            [
                -0.140625,
                0.015625,
                0.6
            ],
            [
                -0.15625,
                0.0,
                0.3333333333333333
            ],
            [
                -0.6875,
                0.359375,
                0.3333333333333333
            ],
            [
                -0.15625,
                0.015625,
                0.7333333333333333
            ],
            [
                -0.15625,
                0.0,
                0.6
            ],
            [
                -0.140625,
                0.015625,
                0.7333333333333333
            ]
        ]
    },
    "cluster_id": 1,
    "children": {}
}