{
    "state": {
        "red_army": [
            [
                -0.21875,
                0.234375,
                0.2
            ],
            [
                -0.21875,
                0.21875,
                0.2
            ]
        ],
        "blue_army": [
            [
                -0.15625,
                0.015625,
                0.06666666666666667
            ],
            [
                -0.140625,
                0.015625,
                0.06666666666666667
            ],
            [
                -0.15625,
                0.015625,
                0.4666666666666667
            ],
            [
                -0.140625,
                0.03125,
                0.06666666666666667
            ],
            [
                -0.15625,
                0.0,
                0.2
            ],
            [
                -0.15625,
                0.03125,
                0.8666666666666667
            ]
        ]
    },
    "cluster_id": 1,
    "children": {
        "1.7333333333333334": {
            "state": {
                "red_army": [
                    [
                        -0.34375,
                        0.15625,
                        0.3333333333333333
                    ],
                    [
                        -0.359375,
                        0.15625,
                        0.2
                    ]
                ],
                "blue_army": [
                    [
                        -0.140625,
                        0.03125,
                        0.4666666666666667
                    ],
                    [
                        -0.140625,
                        0.015625,
                        0.06666666666666667
                    ],
                    [
                        -0.15625,
                        0.015625,
                        0.2
                    ],
                    [
                        -0.15625,
                        0.03125,
                        0.3333333333333333
                    ],
                    [
                        -0.15625,
                        0.015625,
                        0.06666666666666667
                    ],
                    [
                        -0.125,
                        0.015625,
                        0.3333333333333333
                    ]
                ]
            },
            "cluster_id": 2,
            "children": {}
        }
    }
}