{
    "state": {
        "red_army": [
            [
                -0.15625,
                -0.53125,
                0.06666666666666667
            ]
        ],
        "blue_army": [
            [
                -0.15625,
                0.015625,
                0.2
            ],
            [
                -0.140625,
                0.015625,
                0.3333333333333333
            ],
            [
                -0.140625,
                -0.421875,
                0.6
            ]
        ]
    },
    "cluster_id": 1,
    "children": {}
}