{
    "state": {
        "red_army": [
            [
                -0.34375,
                0.234375,
                0.06666666666666667
            ]
        ],
        "blue_army": [
            [
                -0.140625,
                0.015625,
                0.3333333333333333
            ],
            [
                -0.296875,
                0.15625,
                0.06666666666666667
            ],
            [
                -0.125,
                0.015625,
                0.6
            ],
            [
                -0.296875,
                0.125,
                0.2
            ],
            [
                -0.140625,
                0.015625,
                0.4666666666666667
            ]
        ]
    },
    "cluster_id": 1,
    "children": {
        "1.7333333333333334": {
            "state": {
                "red_army": [
                    [
                        -0.5625,
                        0.390625,
                        0.3333333333333333
                    ]
                ],
                "blue_army": [
                    [
                        -0.140625,
                        0.0,
                        0.06666666666666667
                    ],
                    [
                        -0.15625,
                        0.0,
                        0.3333333333333333
                    ],
                    [
                        -0.140625,
                        0.015625,
                        0.3333333333333333
                    ],
                    [
                        -0.15625,
                        0.0,
                        0.2
                    ],
                    [
                        -0.15625,
                        0.015625,
                        0.8666666666666667
                    ]
                ]
            },
            "cluster_id": 2,
            "children": {}
        },
        "1.3333333333333335": {
            "state": {
                "red_army": [
                    [
                        -0.5,
                        0.078125,
                        0.06666666666666667
                    ]
                ],
                "blue_army": [
                    [
                        -0.140625,
                        0.015625,
                        0.4666666666666667
                    ],
                    [
                        -0.15625,
                        0.015625,
                        0.2
                    ],
                    [
                        -0.359375,
                        0.046875,
                        0.2
                    ],
                    [
                        -0.15625,
                        0.0,
                        0.3333333333333333
                    ],
                    [
                        -0.375,
                        0.046875,
                        0.7333333333333333
                    ]
                ]
            },
            "cluster_id": 3,
            "children": {
                "1.0666666666666664": {
                    "state": {
                        "red_army": [
                            [
                                -0.515625,
                                0.078125,
                                0.06666666666666667
                            ]
                        ],
                        "blue_army": [
                            [
                                -0.140625,
                                0.015625,
                                0.4666666666666667
                            ],
                            [
                                -0.15625,
                                0.015625,
                                0.2
                            ],
                            [
                                -0.390625,
                                0.046875,
                                0.2
                            ],
                            [
                                -0.15625,
                                0.0,
                                0.3333333333333333
                            ],
                            [
                                -0.40625,
                                0.0625,
                                0.7333333333333333
                            ]
                        ]
                    },
                    "cluster_id": 4,
                    "children": {}
                }
            }
        },
        "1.2": {
            "state": {
                "red_army": [
                    [
                        -0.65625,
                        0.265625,
                        0.3333333333333333
                    ]
                ],
                "blue_army": [
                    [
                        -0.140625,
                        0.015625,
                        0.4666666666666667
                    ],
                    [
                        -0.15625,
                        0.03125,
                        0.3333333333333333
                    ],
                    [
                        -0.140625,
                        0.015625,
                        0.6
                    ],
                    [
                        -0.15625,
                        0.0,
                        0.7333333333333333
                    ],
                    [
                        -0.5625,
                        0.25,
                        0.4666666666666667
                    ]
                ]
            },
            "cluster_id": 5,
            "children": {}
        },
        "0.6666666666666665": {
            "state": {
                "red_army": [
                    [
                        -0.65625,
                        0.265625,
                        0.06666666666666667
                    ]
                ],
                "blue_army": [
                    [
                        -0.140625,
                        0.015625,
                        0.4666666666666667
                    ],
                    [
                        -0.15625,
                        0.03125,
                        0.3333333333333333
                    ],
                    [
                        -0.140625,
                        0.015625,
                        0.6
                    ],
                    [
                        -0.15625,
                        0.0,
                        0.7333333333333333
                    ],
                    [
                        -0.5625,
                        0.25,
                        0.2
                    ]
                ]
            },
            "cluster_id": 6,
            "children": {}
        },
        "0.9333333333333333": {
            "state": {
                "red_army": [
                    [
                        -0.625,
                        0.328125,
                        0.2
                    ]
                ],
                "blue_army": [
                    [
                        -0.140625,
                        0.0,
                        0.06666666666666667
                    ],
                    [
                        -0.125,
                        0.0,
                        0.4666666666666667
                    ],
                    [
                        -0.140625,
                        0.03125,
                        0.3333333333333333
                    ],
                    [
                        -0.15625,
                        0.0,
                        0.3333333333333333
                    ],
                    [
                        -0.140625,
                        0.015625,
                        0.4666666666666667
                    ]
                ]
            },
            "cluster_id": 7,
            "children": {}
        }
    }
}