{
    "state": {
        "red_army": [
            [
                -0.125,
                0.015625,
                0.2
            ]
        ],
        "blue_army": [
            [
                -0.171875,
                -0.09375,
                0.8666666666666667
            ]
        ]
    },
    "cluster_id": 1,
    "children": {
        "0.5333333333333334": {
            "state": {
                "red_army": [
                    [
                        -0.15625,
                        -0.03125,
                        0.2
                    ]
                ],
                "blue_army": [
                    [
                        -0.078125,
                        0.0,
                        0.3333333333333333
                    ]
                ]
            },
            "cluster_id": 2,
            "children": {}
        },
        "1.2": {
            "state": {
                "red_army": [
                    [
                        -0.125,
                        -0.0625,
                        0.6
                    ]
                ],
                "blue_army": [
                    [
                        -0.078125,
                        0.015625,
                        0.06666666666666667
                    ]
                ]
            },
            "cluster_id": 3,
            "children": {}
        },
        "1.2000000000000002": {
            "state": {
                "red_army": [
                    [
                        -0.125,
                        -0.078125,
                        0.8666666666666667
                    ]
                ],
                "blue_army": [
                    [
                        -0.140625,
                        0.0,
                        0.3333333333333333
                    ]
                ]
            },
            "cluster_id": 4,
            "children": {}
        }
    }
}