{
    "state": {
        "red_army": [
            [
                -0.15625,
                0.125,
                0.8666666666666667
            ],
            [
                -0.28125,
                0.125,
                1.0
            ],
            [
                -0.140625,
                0.125,
                0.2
            ],
            [
                0.0625,
                -0.203125,
                0.4666666666666667
            ],
            [
                -0.3125,
                -0.234375,
                0.6
            ],
            [
                -0.28125,
                0.109375,
                0.4666666666666667
            ]
        ],
        "blue_army": [
            [
                -0.140625,
                0.015625,
                0.8666666666666667
            ],
            [
                0.0,
                -0.140625,
                0.6
            ],
            [
                -0.203125,
                -0.09375,
                0.8666666666666667
            ],
            [
                -0.1875,
                0.015625,
                0.8666666666666667
            ],
            [
                -0.171875,
                0.015625,
                0.8666666666666667
            ],
            [
                -0.109375,
                0.046875,
                0.8666666666666667
            ],
            [
                -0.234375,
                -0.15625,
                0.7333333333333333
            ],
            [
                -0.078125,
                0.0625,
                0.3333333333333333
            ]
        ]
    },
    "cluster_id": 1,
    "children": {
        "1.2000000000000002": {
            "state": {
                "red_army": [
                    [
                        -0.15625,
                        0.109375,
                        0.2
                    ],
                    [
                        -0.234375,
                        0.09375,
                        1.0
                    ],
                    [
                        -0.140625,
                        0.109375,
                        0.06666666666666667
                    ],
                    [
                        0.046875,
                        -0.171875,
                        0.3333333333333333
                    ],
                    [
                        -0.28125,
                        -0.1875,
                        0.4666666666666667
                    ],
                    [
                        -0.25,
                        0.09375,
                        0.4666666666666667
                    ]
                ],
                "blue_army": [
                    [
                        -0.140625,
                        0.015625,
                        0.8666666666666667
                    ],
                    [
                        0.0,
                        -0.140625,
                        0.6
                    ],
                    [
                        -0.1875,
                        -0.0625,
                        0.8666666666666667
                    ],
                    [
                        -0.15625,
                        0.015625,
                        0.7333333333333333
                    ],
                    [
                        -0.140625,
                        0.015625,
                        0.8666666666666667
                    ],
                    [
                        -0.109375,
                        0.046875,
                        0.8666666666666667
                    ],
                    [
                        -0.234375,
                        -0.15625,
                        0.7333333333333333
                    ],
                    [
                        -0.078125,
                        0.0625,
                        0.3333333333333333
                    ]
                ]
            },
            "cluster_id": 2,
            "children": {}
        }
    }
}