{
    "state": {
        "red_army": [
            [
                -0.703125,
                0.140625,
                0.06666666666666667
            ]
        ],
        "blue_army": [
            [
                -0.140625,
                0.015625,
                0.4666666666666667
            ],
            [
                -0.15625,
                0.015625,
                0.2
            ],
            [
                -0.578125,
                0.09375,
                0.2
            ],
            [
                -0.15625,
                0.0,
                0.3333333333333333
            ],
            [
                -0.59375,
                0.09375,
                0.7333333333333333
            ]
        ]
    },
    "cluster_id": 1,
    "children": {
        "1.0666666666666664": {
            "state": {
                "red_army": [
                    [
                        -0.71875,
                        0.15625,
                        0.06666666666666667
                    ]
                ],
                "blue_army": [
                    [
                        -0.140625,
                        0.015625,
                        0.4666666666666667
                    ],
                    [
                        -0.15625,
                        0.015625,
                        0.2
                    ],
                    [
                        -0.59375,
                        0.09375,
                        0.2
                    ],
                    [
                        -0.15625,
                        0.0,
                        0.3333333333333333
                    ],
                    [
                        -0.609375,
                        0.109375,
                        0.7333333333333333
                    ]
                ]
            },
            "cluster_id": 2,
            "children": {
                "1.0666666666666664": {
                    "state": {
                        "red_army": [
                            [
                                -0.796875,
                                0.34375,
                                0.06666666666666667
                            ]
                        ],
                        "blue_army": [
                            [
                                -0.140625,
                                0.015625,
                                0.4666666666666667
                            ],
                            [
                                -0.15625,
                                0.015625,
                                0.2
                            ],
                            [
                                -0.75,
                                0.25,
                                0.2
                            ],
                            [
                                -0.15625,
                                0.0,
                                0.3333333333333333
                            ],
                            [
                                -0.765625,
                                0.265625,
                                0.7333333333333333
                            ]
                        ]
                    },
                    "cluster_id": 3,
                    "children": {
                        "1.0666666666666664": {
                            "state": {
                                "red_army": [
                                    [
                                        -0.796875,
                                        0.375,
                                        0.06666666666666667
                                    ]
                                ],
                                "blue_army": [
                                    [
                                        -0.140625,
                                        0.015625,
                                        0.4666666666666667
                                    ],
                                    [
                                        -0.15625,
                                        0.015625,
                                        0.2
                                    ],
                                    [
                                        -0.765625,
                                        0.265625,
                                        0.2
                                    ],
                                    [
                                        -0.15625,
                                        0.0,
                                        0.3333333333333333
                                    ],
                                    [
                                        -0.765625,
                                        0.28125,
                                        0.7333333333333333
                                    ]
                                ]
                            },
                            "cluster_id": 4,
                            "children": {}
                        }
                    }
                }
            }
        }
    }
}