{
    "state": {
        "red_army": [
            [
                -0.546875,
                0.171875,
                0.2
            ]
        ],
        "blue_army": [
            [
                -0.4375,
                0.140625,
                0.2
            ],
            [
                -0.140625,
                0.015625,
                0.7333333333333333
            ],
            [
                -0.15625,
                0.0,
                0.3333333333333333
            ],
            [
                -0.453125,
                0.140625,
                0.6
            ]
        ]
    },
    "cluster_id": 1,
    "children": {
        "0.7999999999999999": {
            "state": {
                "red_army": [
                    [
                        -0.5625,
                        0.1875,
                        0.2
                    ]
                ],
                "blue_army": [
                    [
                        -0.453125,
                        0.140625,
                        0.2
                    ],
                    [
                        -0.140625,
                        0.015625,
                        0.7333333333333333
                    ],
                    [
                        -0.15625,
                        0.0,
                        0.3333333333333333
                    ],
                    [
                        -0.46875,
                        0.140625,
                        0.6
                    ]
                ]
            },
            "cluster_id": 2,
            "children": {
                "0.7999999999999999": {
                    "state": {
                        "red_army": [
                            [
                                -0.578125,
                                0.1875,
                                0.2
                            ]
                        ],
                        "blue_army": [
                            [
                                -0.484375,
                                0.15625,
                                0.2
                            ],
                            [
                                -0.140625,
                                0.015625,
                                0.7333333333333333
                            ],
                            [
                                -0.15625,
                                0.0,
                                0.3333333333333333
                            ],
                            [
                                -0.484375,
                                0.15625,
                                0.6
                            ]
                        ]
                    },
                    "cluster_id": 3,
                    "children": {}
                }
            }
        }
    }
}