{
    "state": {
        "red_army": [
            [
                -0.40625,
                0.25,
                0.06666666666666667
            ],
            [
                -0.390625,
                0.265625,
                0.2
            ]
        ],
        "blue_army": [
            [
                -0.328125,
                0.1875,
                0.06666666666666667
            ]
        ]
    },
    "cluster_id": 1,
    "children": {}
}