{
    "state": {
        "red_army": [],
        "blue_army": [
            [
                -0.703125,
                0.296875,
                0.2
            ],
            [
                -0.140625,
                0.015625,
                0.7333333333333333
            ],
            [
                -0.15625,
                0.0,
                0.3333333333333333
            ],
            [
                -0.71875,
                0.296875,
                0.4666666666666667
            ]
        ]
    },
    "cluster_id": 1,
    "children": {}
}