{
    "state": {
        "red_army": [
            [
                -0.15625,
                0.015625,
                0.06666666666666667
            ],
            [
                -0.15625,
                0.0,
                0.4666666666666667
            ]
        ],
        "blue_army": []
    },
    "cluster_id": 1,
    "children": {
        "0.6666666666666667": {
            "state": {
                "red_army": [
                    [
                        -0.140625,
                        -0.03125,
                        0.06666666666666667
                    ],
                    [
                        -0.140625,
                        -0.03125,
                        0.3333333333333333
                    ]
                ],
                "blue_army": []
            },
            "cluster_id": 2,
            "children": {
                "0.5333333333333333": {
                    "state": {
                        "red_army": [
                            [
                                -0.1875,
                                0.015625,
                                0.4666666666666667
                            ],
                            [
                                -0.1875,
                                0.015625,
                                0.2
                            ]
                        ],
                        "blue_army": []
                    },
                    "cluster_id": 3,
                    "children": {}
                }
            }
        },
        "0.6666666666666666": {
            "state": {
                "red_army": [
                    [
                        -0.1875,
                        -0.015625,
                        0.4666666666666667
                    ],
                    [
                        -0.15625,
                        -0.078125,
                        0.7333333333333333
                    ]
                ],
                "blue_army": []
            },
            "cluster_id": 4,
            "children": {}
        },
        "0.5333333333333333": {
            "state": {
                "red_army": [
                    [
                        -0.171875,
                        -0.046875,
                        0.06666666666666667
                    ],
                    [
                        -0.140625,
                        -0.078125,
                        1.0
                    ]
                ],
                "blue_army": []
            },
            "cluster_id": 5,
            "children": {}
        },
        "1.2": {
            "state": {
                "red_army": [
                    [
                        -0.171875,
                        -0.03125,
                        0.2
                    ],
                    [
                        -0.125,
                        -0.046875,
                        1.0
                    ]
                ],
                "blue_army": []
            },
            "cluster_id": 6,
            "children": {}
        },
        "1.3333333333333335": {
            "state": {
                "red_army": [
                    [
                        -0.140625,
                        -0.078125,
                        0.06666666666666667
                    ],
                    [
                        -0.171875,
                        -0.078125,
                        1.0
                    ]
                ],
                "blue_army": []
            },
            "cluster_id": 7,
            "children": {}
        }
    }
}