{
    "state": {
        "red_army": [
            [
                -0.390625,
                0.109375,
                0.4666666666666667
            ]
        ],
        "blue_army": [
            [
                -0.140625,
                0.0,
                0.4666666666666667
            ],
            [
                -0.140625,
                0.015625,
                0.6
            ],
            [
                -0.15625,
                0.0,
                0.3333333333333333
            ],
            [
                -0.3125,
                0.0625,
                0.3333333333333333
            ],
            [
                -0.15625,
                0.015625,
                0.7333333333333333
            ],
            [
                -0.171875,
                -0.03125,
                0.6
            ],
            [
                -0.15625,
                0.03125,
                0.7333333333333333
            ]
        ]
    },
    "cluster_id": 1,
    "children": {
        "0.7999999999999998": {
            "state": {
                "red_army": [
                    [
                        -0.421875,
                        0.140625,
                        0.4666666666666667
                    ]
                ],
                "blue_army": [
                    [
                        -0.140625,
                        0.0,
                        0.4666666666666667
                    ],
                    [
                        -0.140625,
                        0.015625,
                        0.6
                    ],
                    [
                        -0.15625,
                        0.015625,
                        0.3333333333333333
                    ],
                    [
                        -0.34375,
                        0.078125,
                        0.3333333333333333
                    ],
                    [
                        -0.15625,
                        0.015625,
                        0.7333333333333333
                    ],
                    [
                        -0.15625,
                        0.0,
                        0.6
                    ],
                    [
                        -0.140625,
                        0.03125,
                        0.7333333333333333
                    ]
                ]
            },
            "cluster_id": 2,
            "children": {}
        },
        "0.5333333333333333": {
            "state": {
                "red_army": [
                    [
                        -0.4375,
                        0.15625,
                        0.4666666666666667
                    ]
                ],
                "blue_army": [
                    [
                        -0.140625,
                        0.0,
                        0.4666666666666667
                    ],
                    [
                        -0.140625,
                        0.015625,
                        0.6
                    ],
                    [
                        -0.140625,
                        0.0,
                        0.3333333333333333
                    ],
                    [
                        -0.359375,
                        0.09375,
                        0.3333333333333333
                    ],
                    [
                        -0.140625,
                        0.015625,
                        0.7333333333333333
                    ],
                    [
                        -0.15625,
                        0.0,
                        0.6
                    ],
                    [
                        -0.140625,
                        0.03125,
                        0.7333333333333333
                    ]
                ]
            },
            "cluster_id": 3,
            "children": {}
        },
        "1.0666666666666664": {
            "state": {
                "red_army": [
                    [
                        -0.46875,
                        0.171875,
                        0.4666666666666667
                    ]
                ],
                "blue_army": [
                    [
                        -0.140625,
                        0.0,
                        0.4666666666666667
                    ],
                    [
                        -0.140625,
                        0.015625,
                        0.6
                    ],
                    [
                        -0.140625,
                        0.0,
                        0.3333333333333333
                    ],
                    [
                        -0.40625,
                        0.125,
                        0.3333333333333333
                    ],
                    [
                        -0.15625,
                        0.0,
                        0.7333333333333333
                    ],
                    [
                        -0.15625,
                        0.0,
                        0.6
                    ],
                    [
                        -0.140625,
                        0.015625,
                        0.7333333333333333
                    ]
                ]
            },
            "cluster_id": 4,
            "children": {}
        }
    }
}