{
    "state": {
        "red_army": [],
        "blue_army": [
            [
                -0.15625,
                0.046875,
                0.6
            ]
        ]
    },
    "cluster_id": 1,
    "children": {
        "0.5333333333333333": {
            "state": {
                "red_army": [],
                "blue_army": [
                    [
                        -0.125,
                        0.015625,
                        0.06666666666666667
                    ]
                ]
            },
            "cluster_id": 2,
            "children": {}
        }
    }
}