{
    "state": {
        "red_army": [
            [
                -0.046875,
                0.0625,
                0.06666666666666667
            ],
            [
                -0.078125,
                0.078125,
                0.2
            ]
        ],
        "blue_army": []
    },
    "cluster_id": 1,
    "children": {
        "0.5333333333333332": {
            "state": {
                "red_army": [
                    [
                        -0.03125,
                        0.03125,
                        0.06666666666666667
                    ],
                    [
                        -0.09375,
                        0.09375,
                        0.7333333333333333
                    ]
                ],
                "blue_army": []
            },
            "cluster_id": 2,
            "children": {}
        },
        "0.5333333333333333": {
            "state": {
                "red_army": [
                    [
                        -0.078125,
                        0.046875,
                        0.3333333333333333
                    ],
                    [
                        -0.09375,
                        0.09375,
                        0.4666666666666667
                    ]
                ],
                "blue_army": []
            },
            "cluster_id": 3,
            "children": {}
        },
        "0.5333333333333334": {
            "state": {
                "red_army": [
                    [
                        -0.0625,
                        0.046875,
                        0.4666666666666667
                    ],
                    [
                        -0.078125,
                        0.078125,
                        0.06666666666666667
                    ]
                ],
                "blue_army": []
            },
            "cluster_id": 4,
            "children": {}
        }
    }
}