{
    "state": {
        "red_army": [],
        "blue_army": [
            [
                -0.109375,
                0.046875,
                0.8666666666666667
            ],
            [
                -0.046875,
                0.0625,
                0.2
            ],
            [
                -0.15625,
                0.0625,
                0.3333333333333333
            ]
        ]
    },
    "cluster_id": 1,
    "children": {
        "1.4666666666666668": {
            "state": {
                "red_army": [],
                "blue_army": [
                    [
                        -0.109375,
                        0.03125,
                        0.4666666666666667
                    ],
                    [
                        -0.140625,
                        0.0625,
                        0.8666666666666667
                    ],
                    [
                        -0.125,
                        0.046875,
                        0.2
                    ]
                ]
            },
            "cluster_id": 2,
            "children": {}
        },
        "1.6": {
            "state": {
                "red_army": [],
                "blue_army": [
                    [
                        -0.109375,
                        0.03125,
                        1.0
                    ],
                    [
                        -0.140625,
                        0.0625,
                        0.7333333333333333
                    ],
                    [
                        -0.125,
                        0.046875,
                        0.4666666666666667
                    ]
                ]
            },
            "cluster_id": 3,
            "children": {}
        },
        "0.6666666666666667": {
            "state": {
                "red_army": [],
                "blue_army": [
                    [
                        -0.03125,
                        0.09375,
                        0.6
                    ],
                    [
                        -0.0625,
                        0.078125,
                        0.7333333333333333
                    ],
                    [
                        -0.046875,
                        0.09375,
                        0.4666666666666667
                    ]
                ]
            },
            "cluster_id": 4,
            "children": {
                "0.7999999999999999": {
                    "state": {
                        "red_army": [],
                        "blue_army": [
                            [
                                -0.109375,
                                0.03125,
                                0.06666666666666667
                            ],
                            [
                                -0.140625,
                                0.046875,
                                0.7333333333333333
                            ],
                            [
                                -0.125,
                                0.046875,
                                0.7333333333333333
                            ]
                        ]
                    },
                    "cluster_id": 5,
                    "children": {}
                }
            }
        },
        "0.9333333333333333": {
            "state": {
                "red_army": [],
                "blue_army": [
                    [
                        -0.109375,
                        0.015625,
                        0.3333333333333333
                    ],
                    [
                        -0.125,
                        0.0625,
                        0.4666666666666667
                    ],
                    [
                        -0.125,
                        0.046875,
                        0.2
                    ]
                ]
            },
            "cluster_id": 6,
            "children": {}
        },
        "0.5333333333333334": {
            "state": {
                "red_army": [],
                "blue_army": [
                    [
                        -0.109375,
                        0.03125,
                        0.7333333333333333
                    ],
                    [
                        -0.03125,
                        0.046875,
                        0.2
                    ],
                    [
                        -0.15625,
                        0.0625,
                        0.7333333333333333
                    ]
                ]
            },
            "cluster_id": 7,
            "children": {}
        },
        "1.2": {
            "state": {
                "red_army": [],
                "blue_army": [
                    [
                        -0.109375,
                        0.03125,
                        0.2
                    ],
                    [
                        -0.125,
                        0.0625,
                        0.6
                    ],
                    [
                        -0.109375,
                        0.0625,
                        0.4666666666666667
                    ]
                ]
            },
            "cluster_id": 8,
            "children": {
                "0.5333333333333334": {
                    "state": {
                        "red_army": [],
                        "blue_army": [
                            [
                                -0.125,
                                0.015625,
                                0.06666666666666667
                            ],
                            [
                                -0.03125,
                                0.046875,
                                0.06666666666666667
                            ],
                            [
                                -0.15625,
                                0.046875,
                                0.6
                            ]
                        ]
                    },
                    "cluster_id": 10,
                    "children": {}
                }
            }
        },
        "1.7333333333333334": {
            "state": {
                "red_army": [],
                "blue_army": [
                    [
                        -0.125,
                        0.015625,
                        0.8666666666666667
                    ],
                    [
                        -0.140625,
                        0.0625,
                        0.6
                    ],
                    [
                        -0.125,
                        0.046875,
                        0.06666666666666667
                    ]
                ]
            },
            "cluster_id": 9,
            "children": {}
        },
        "0.6666666666666666": {
            "state": {
                "red_army": [],
                "blue_army": [
                    [
                        -0.125,
                        0.015625,
                        0.4666666666666667
                    ],
                    [
                        -0.03125,
                        0.046875,
                        0.3333333333333333
                    ],
                    [
                        -0.140625,
                        0.0625,
                        0.2
                    ]
                ]
            },
            "cluster_id": 11,
            "children": {}
        },
        "1.8666666666666667": {
            "state": {
                "red_army": [],