{
    "state": {
        "red_army": [
            [
                -0.09375,
                0.0625,
                0.2
            ]
        ],
        "blue_army": [
            [
                -0.15625,
                0.046875,
                0.8666666666666667
            ]
        ]
    },
    "cluster_id": 1,
    "children": {
        "0.5333333333333334": {
            "state": {
                "red_army": [
                    [
                        -0.03125,
                        0.03125,
                        0.06666666666666667
                    ]
                ],
                "blue_army": [
                    [
                        -0.125,
                        0.015625,
                        0.4666666666666667
                    ]
                ]
            },
            "cluster_id": 2,
            "children": {
                "0.7999999999999999": {
                    "state": {
                        "red_army": [
                            [
                                -0.078125,
                                0.09375,
                                0.6
                            ]
                        ],
                        "blue_army": [
                            [
                                -0.15625,
                                0.046875,
                                0.7333333333333333
                            ]
                        ]
                    },
                    "cluster_id": 5,
                    "children": {}
                }
            }
        },
        "0.8": {
            "state": {
                "red_army": [
                    [
                        -0.0625,
                        0.0625,
                        0.4666666666666667
                    ]
                ],
                "blue_army": [
                    [
                        -0.15625,
                        0.046875,
                        0.3333333333333333
                    ]
                ]
            },
            "cluster_id": 3,
            "children": {
                "0.5333333333333333": {
                    "state": {
                        "red_army": [
                            [
                                -0.0625,
                                0.046875,
                                0.2
                            ]
                        ],
                        "blue_army": [
                            [
                                -0.15625,
                                0.046875,
                                0.06666666666666667
                            ]
                        ]
                    },
                    "cluster_id": 4,
                    "children": {}
                },
                "1.0666666666666669": {
                    "state": {
                        "red_army": [
                            [
                                -0.0625,
                                0.078125,
                                1.0
                            ]
                        ],
                        "blue_army": [
                            [
                                -0.140625,
                                0.046875,
                                0.8666666666666667
                            ]
                        ]
                    },
                    "cluster_id": 7,
                    "children": {}
                }
            }
        },
        "1.3333333333333333": {
            "state": {
                "red_army": [
                    [
                        -0.0625,
                        0.046875,
                        0.7333333333333333
                    ]
                ],
                "blue_army": [
                    [
                        -0.15625,
                        0.046875,
                        0.06666666666666667
                    ]
                ]
            },
            "cluster_id": 6,
            "children": {}
        },
        "1.3333333333333335": {
            "state": {
                "red_army": [
                    [
                        -0.0625,
                        0.078125,
                        1.0
                    ]
                ],
                "blue_army": [
                    [
                        -0.140625,
                        0.046875,
                        0.3333333333333333
                    ]
                ]
            },
            "cluster_id": 8,
            "children": {}
        }
    }
}