{
    "state": {
        "red_army": [
            [
                -0.0625,
                0.046875,
                0.06666666666666667
            ]
        ],
        "blue_army": []
    },
    "cluster_id": 1,
    "children": {
        "0.6666666666666666": {
            "state": {
                "red_army": [
                    [
                        -0.0625,
                        0.046875,
                        0.7333333333333333
                    ]
                ],
                "blue_army": []
            },
            "cluster_id": 2,
            "children": {}
        }
    }
}