{
    "state": {
        "red_army": [
            [
                -0.0625,
                0.0625,
                0.2
            ],
            [
                -0.109375,
                0.03125,
                0.06666666666666667
            ],
            [
                -0.09375,
                0.078125,
                0.06666666666666667
            ],
            [
                -0.09375,
                0.078125,
                0.4666666666666667
            ]
        ],
        "blue_army": []
    },
    "cluster_id": 1,
    "children": {
        "0.8": {
            "state": {
                "red_army": [
                    [
                        -0.078125,
                        0.078125,
                        0.3333333333333333
                    ],
                    [
                        -0.140625,
                        0.046875,
                        0.2
                    ],
                    [
                        -0.09375,
                        0.078125,
                        0.06666666666666667
                    ],
                    [
                        -0.09375,
                        0.09375,
                        0.2
                    ]
                ],
                "blue_army": []
            },
            "cluster_id": 2,
            "children": {}
        }
    }
}